protease,ph,uniprot_id,fixed_positions_1based
,,D4P4Y7,"194,218"
,,P06279,"268,298"
,,B1VK33,"230,260"
,,P04746,"212,248"
,,P08144,"204,241"
,,P00690,"212,248"
,,P04063,"203,228"
,,L8B068,"411,440"
,,P29957,"198,224"
,,P09107,"203,240"
,,T1WE96,"178,202"
,,A9YDD9,"229,259"
,,A1YR25,"227,257"
,,Q93I48,"227,257"
,,Q08295,"215,277"
,,T1WDH2,"179,203"
,,P53051,"215,277"
,,H2N0D4,"212,248"
,,A0A1L6Z980,"194,218"
,,I3P686,"227,257"
,,A0A1P8L1E1,"178,202"
,,O60476,508
,,O06901,"170,264"
,,J9PXA2,"229,259"
,,F7YUS1,"159,238"
,,Q9AGA6,"170,263"
,,P33665,"62,80"
,,P40566,515
,,A0A1G8DI07,"230,260"
,,A0A167KLN5,138
,,P0CW40,"215,277"
,,P40884,"210,272"
,,Q9NR34,499
,,Q8GU20,"207,416"
,,B3PC73,"312,385,413"
,,P19531,"261,289"
,,Q9LFR0,276
,,Q64R94,87
,,Q9SPP9,"186,420"
,,B3XZQ2,154
,,P11955,142
,,Q8KZM5,"51,69"
,,Q9GV16,239
,,P86181,58
,,Q9FRV1,145
,,Q92223,148
,,Q9AXR9,142
,,Q8W427,143
,,J7G4R4,157
,,B1B6T0,143
,,Q8X211,"152,230,258"
,,Q42839,146
,,Q9BZP6,119
,,P29030,126
,,Q8W428,141
,,Q41539,144
,,Q546P8,130
,,B3VFX0,147
,,P29029,131
,,Q24451,267
,,Q6T484,143
,,P29022,144
,,I1TIJ2,419
,,Q9C5C2,430
,,V9PVN6,428
,,P27046,288
,,Q7XAU6,127
,,Q9XEN6,135
,,G0XZD8,241
,,A0A1B1MQM8,238
,,P95867,"255,286"
,,A0A067XSJ2,"81,85"
,,F5B9B9,222
,,Q3ECS3,418
,,Q53641,"147,178"
,,P47180,"200,222"
,,P37702,420
,,Q6TA03,223
,,Q42629,425
,,Q9P4W2,"337,359"
,,Q55088,"253,284"
,,S5MK25,221
,,Q9STD7,409
,,A1A048,"66,259"
,,Q9KB30,"70,263"
,,A0A0B4UL66,229
,,A0A2R4K332,236
,,A0A0S2UQQ5,"70,265"
,,P79074,219
,,Q7YT16,"32,50"
,,A1BPG9,"35,44"
,,O59925,"218,240"
,,A0A221LFZ6,237
,,G5DAC9,"89,93"
,,A6PZ97,"23,36"
,,Q86SG7,105
,,P00698,"35,52"
,,Q5H7P5,"461,553"
,,Q7LZQ2,"35,52"
,,P80189,"35,53"
,,U5KC58,"30,41"
,,Q7Z9M8,"53,469"
,,G5DAC8,"87,91"
,,P87160,216
,,Q00001,"215,290"
,,O31521,135
,,Q75W17,"238,447"
,,Q9SE50,"207,422"
,,P80190,"35,53"
,,R4UMR3,"22,35"
,,Q89ZI2,116
,,Q70DK5,"70,480"
,,Q9P8P3,"225,230"
,,A3DH67,"87,255"
,,P13860,"225,230"
,,D7GXG0,"122,127"
,,C6XY24,"123,182"
,,P87161,"219,294"
,,O34559,143
,,Q75W54,"464,549"
,,Q8KKF7,"94,273"
,,Q9UQ49,"50,370,387"
,,Q76HN4,"179,347"
,,O33830,"175,260"
,,C6Y0D8,"110,175"
,,C6Y1N7,"116,174"
,,D7GXF9,"119,124"
,,E8MGH8,"322,417"
,,Q9FYS3,"240,456"
,,Q9P999,"353,356,428"
,,Q56F26,"469,541"
,,P31434,"416,419,482"
,,Q42707,"260,472"
,,Q1XH05,"240,456"
,,P0CD66,"320,323,416"
,,Q9FQ07,"188,382"
,,P10537,"188,383"
,,Q9RM92,"202,397"
,,P06547,"199,395"
,,Q9F234,"407,410,484"
,,P10538,"187,381"
,,P56526,"490,493,660"
,,Q43763,"437,440,534"
,,K5BDL0,"182,419"
,,D2PPM8,"175,178,335"
,,Q9SLA0,"199,396"
,,Q8L7J2,"211,427"
,,Q9US55,"524,527,600"
,,Q8T0W7,402
,,Q86D78,397
,,D8QTR2,"229,459"
,,Q9C525,"204,418"
,,Q08IT7,420
,,Q25BW5,"170,365"
,,Q72K04,"160,388"
,,Q2WGB4,"166,352"
,,Q6QGY5,362
,,A1C3J9,370
,,Q9C0Y4,"481,484,647"
,,S5U834,"164,354"
,,P49235,"245,460"
,,B9K7M5,"164,349"
,,E7FHY4,372
,,A5FBJ5,"459,603"
,,Q25BW4,"175,380"
,,Q97U94,"367,425"
,,Q9C8Y9,"204,418"
,,I6TNE2,329
,,A4XIG7,"163,361"
,,H8Y263,"491,560"
,,G1UB44,"482,552"
,,Q9MAJ7,"187,256"
,,Q9SR37,"203,418"
,,Q9LFA6,"185,254"
,,C6FJG8,"503,565"
,,C7ASJ5,"183,341"
,,Q9FXT4,"185,240"
,,P04824,"149,209"
,,D9IU57,"137,295"
,,P00723,"482,551"
,,M4GRS1,"477,547"
,,O33833,17
,,Q6IYF5,"478,548"
,,O09159,196
,,Q0R5R5,"139,295"
,,Q9KI47,"151,309"
,,Q1G9Z4,"465,532"
,,Q2UCU3,"200,298"
,,P22498,"206,387"
,,P81650,"460,536"
,,O58237,398
,,Q10RB4,"183,252"
,,O52629,"210,414"
,,P24133,50
,,C7SEV1,"467,533"
,,Q09HN2,"151,308"
,,O00754,196
,,E7FHC0,414
,,P08017,"234,237"
,,Q58HN1,"208,211"
,,P32359,"318,516"
,,O42783,"460,665"
,,H1AAU7,"197,200"
,,A0A1D8DGR2,"203,206"
,,P32356,"478,674"
,,A0A1S1YTI6,"143,233"
,,D5MP61,"116,212"
,,P05804,"413,504"
,,P29000,118
,,P40912,42
,,B9K760,"126,238"
,,B9LW38,"142,312"
,,Q08169,145
,,A0A2H4Z8F4,135
,,Q0H9W2,"166,169"
,,Q9C1V4,"204,207"
,,Q9FLG1,308
,,G2QPS0,"204,207"
,,Q9FGY1,296
,,P69327,"200,203"
,,A0A1L5IUR2,"204,207"
,,Q5AAU5,607
,,O00089,315
,,A0A024SN40,"209,212"
,,P86100,130
,,E5RWZ0,141
,,E2GDF4,"212,215"
,,O43820,129
,,A7PQW3,"123,268"
,,A0A1W6AKT2,"105,109"
,,P38567,148
,,A0A399G7U0,"31,203"
,,A0A024A6V9,"13,185"
,,A0A0A1C3U6,"122,218"
,,Q25C15,160
,,Q7SFB0,"194,312"
,,Q9RGE6,387
,,B5BNY1,31
,,W8QRE4,"188,292"
,,V5J3M5,"14,186"
,,A7UGD9,145
,,Q09LX0,"15,187"
,,Q2I2N4,"14,177"
,,C1IE32,"116,121"
,,Q4AEG8,315
,,Q1K5M0,33
,,A7E948,34
,,Q9BLD2,"399,408"
,,O65987,"409,447,456"
,,Q66NB7,"209,319"
,,P37651,"55,116"
,,A0A0U2D6P6,"399,408"
,,Q9STD9,"405,453,462"
,,D3GDK4,"29,138"
,,P19487,"182,303"
,,Q65JI9,"414,452,461"
,,A0A0F7Q1T8,"170,348"
,,F4GZY2,"247,283,423"
,,G2QVH7,33
,,A0A0K2RV92,"541,550"
,,Q9AJS0,"374,419,428"
,,A0A0P0E6S3,116
,,Q46002,"732,783,792"
,,P17050,"156,217"
,,P04062,"274,379"
,,F4H413,"122,160,386"
,,Q3LS76,154
,,Q9AJF8,"388,426,435"
,,Q8L7S6,329
,,D3PZ76,177
,,Q3L6N4,156
,,A0A3G3NI51,164
,,A0A0C5CE51,162
,,Q3ZMA8,"426,465,474"
,,Q6RKQ1,"202,278"
,,Q841V6,"215,340"
,,Q45071,"50,251"
,,A7WM73,332
,,Q06GJ0,"249,303,368"
,,A0A2P1BRR8,166
,,B5MGR1,"202,278"
,,A0A1L7HA00,"15,200"
,,A0A1L9P8I4,165
,,E7CY70,"186,310"
,,A2QL72,"154,212"
,,Q9SYK0,337
,,E7BYE4,165
,,A0A1Q2U2H0,"46,207"
,,Q84GK1,"106,110"
,,Q9XBQ3,"175,294"
,,P40406,"234,318"
,,Q2UIM2,"229,305"
,,P29717,"230,330"
,,A3DEX4,"60,215"
,,P94531,"173,292"
,,A0A0P0IZM9,127
,,I3W8N1,"114,118"
,,A0A0E3Y582,279
,,I3W8N0,"118,122"
,,O94220,43
,,G0YW23,"106,110"
,,A9ZND1,"16,189"
,,H1AE12,"258,492"
,,Q8GMY0,"106,110"
,,S6DXG7,"120,166,345"
,,P17989,"52,56"
,,Q5JB56,"16,180"
,,D7PC10,"374,419,428"
,,P19254,"95,156"
,,P49425,"161,254"
,,A0A0F6QU36,"106,110"
,,Q53EH2,"166,352"
,,Q84C00,"109,113"
,,P27051,"106,110"
,,I3W8N2,"118,122"
,,I3W8N3,"118,122"
,,K0A689,"116,120"
,,P45798,"111,116"
,,D0UHB3,"156,255"
,,P04957,"105,109"
,,P07980,109
,,Q00012,"198,306"
,,A0A0E3U204,279
,,C6KL35,"156,248"
,,B4XC07,"181,312"
,,Q45691,"117,121"
,,Q846Q0,"101,105"
,,B5LX62,"156,255"
,,A2R6F5,"156,248"
,,P77847,"155,247"
,,Q2PGY1,"85,176"
,,G2Q4H7,"152,242"
,,A0A097QQT4,"101,105"
,,Q84F19,"87,181"
,,P55329,"79,170"
,,Q5B7X2,"211,312"
,,B5SYI8,"87,181"
,,Q6UN40,"86,177"
,,O05512,"156,255"
,,Q4WBS1,"264,373"
,,Q9X584,238
,,Q5AZ53,"196,313"
,,Q8WPJ2,"177,308"
,,D0UH99,"156,255"
,,A2QKT4,"206,314"
,,D1G4K3,"86,178"
,,Q6QA21,"85,176"
,,Q7ZA57,"85,176"
,,B4XVN1,"127,232"
,,Q56265,"85,174"
,,Q3S401,"85,176"
,,A0A0K2S4R5,"156,255"
,,Q17TM8,251
,,Q9HFH0,"85,176"
,,A8TGA1,"96,190"
,,Q2I6W5,"93,182"
,,P36218,"75,164"
,,D3VWB5,240
,,B1B533,209
,,F7J663,"85,175"
,,P29127,"141,223,386,474"
,,T2HRP0,241
,,F8WSY7,"85,177"
,,B9ZZN9,"87,181"
,,A7TVD4,238
,,E7EF85,"87,178"
,,B1A3N2,258
,,Q94G06,229
,,B9VSZ3,238
,,A0A0F7N1T1,"85,176"
,,Q45VU2,"87,181"
,,D1GFE6,"85,177"
,,M4QNR9,251
,,D1KJJ7,"85,174"
,,H9ZGD1,"85,175"
,,D1FNQ6,"85,175"
,,P36217,"86,177"
,,Q9RMM4,"85,174"
,,Q5ZNB1,"129,236"
,,A0A286LNP2,230
,,F7YXD6,246
,,O68541,242
,,Q8J1V6,"86,177"
,,I3QKR9,"85,176"
,,P35809,"87,184"
,,G2QDB9,"85,176"
,,B8NJ86,"85,176"
,,Q5EFR9,"92,181"
,,G2QIK8,"86,177"
,,Q47QL8,"85,174"
,,X0M5X0,"85,176"
,,Q9XGT8,229
,,A0A075EEX4,247
,,A8W969,"124,129"
,,F5CI28,"85,176"
,,D7NPL0,"127,132"
,,I6Z9A7,242
,,Q8CJQ1,238
,,A0A172MAU1,"87,181"
,,Q9UV68,"95,188"
,,F0S6Y3,241
,,A0A346PXS9,214
,,E4Q2A4,242
,,B8NKE9,"85,176"
,,Q59922,238
,,A0A2U9Q8K4,240
,,Q65CX5,"190,288"
,,A0A2U8LMQ3,"85,176"
,,Q5B2E8,"185,231,410"
,,P62694,"229,234"
,,G0S9B2,"125,170,352"
,,B7GPC7,134
,,A0A0H2UP35,364
,,D1L2X1,"170,229,239,241"
,,Q6F4N4,"147,152"
,,P42293,"38,224"
,,I6XPK9,"34,203"
,,A5IKD4,"32,223"
,,Q65L63,"50,219"
,,A0A067XRK9,"80,84"
,,Q5H7M8,"33,199"
,,P43478,"138,140,143"
,,P07987,245
,,Q9C1S9,"252,431"
,,O86728,"390,568"
,,A8CGP1,"120,124"
,,W8QF82,378
,,A0A2T4C4X5,"198,244,424"
,,A0A024RXP8,"229,234"
,,V5LER1,"49,215"
,,B3EYM8,"27,201"
,,A4XIF7,247
,,P19571,"269,299"
,,A0A0C4JZB0,"34,202"
,,A0A067XR63,"82,86"
,,A0A2H4RAB6,"30,196"
,,A0A088BCU2,156
,,A0A0K2GVV7,160
,,C3W4Y2,"38,214"
,,Q59325,"737,786,795"
,,A4XJR7,"68,251"
,,Q8J0Q0,378
,,A0R6E0,"230,272"
,,B3A003,"16,27"
,,A3DIH0,"173,292"
,,A7LXT7,"297,430"
,,P94804,"142,311"
,,A3DD66,"402,479,483"
,,B2B3C0,"194,300"
,,B6A876,189
,,A0A7U9P668,"328,357"
,,G4FEF4,"327,387"
,,B2UP57,"151,214,279"
,,K7T9D9,"48,223"
,,Q9XCD4,"393,566"
,,D5EY15,"269,616"
,,O64879,"200,413"
,,G2NFJ9,502
,,C0HJB3,145
,,O76357,"10,21"
,,O07012,"144,308"
,,O74641,43
,,O00462,"457,554"
,,O64883,"183,398"
,,O65258,"269,465"
,,A1A278,"157,268"
,,Q9AI65,172
,,Q3MUH7,"70,479"
,,P11941,"35,52"
,,A3RF67,"205,419"
,,P05117,"270,293"
,,P07686,355
,,B6A879,199
,,A0A023I7E1,"470,548,552"
,,P05656,49
,,D5MTF8,"240,456"
,,D0TZF0,"432,488"
,,P49274,"194,230"
,,P49424,"157,265"
,,A7LXT0,"553,556,630"
,,P16009,"184,193"
,,A3FEW8,"463,539"
,,P32138,"405,408,472"
,,E4Q361,"163,361"
,,P75949,248
,,P52407,"130,276"
,,P15067,"336,371"
,,P55330,"85,176"
,,H2DF87,133
,,G8JZS4,532
,,P94248,"168,362"
,,P45796,"49,248"
,,O74288,"227,304"
,,P54803,"198,274"
,,I1RII8,"86,178"
,,Q12794,131
,,P00720,"11,20"
,,P08905,"35,53"
,,P00693,"204,229"
,,P38138,"537,540,614"
,,Q22492,325
,,P0CB51,134
,,Q2ULB2,375
,,Q38786,"238,454"
,,Q09850,"457,533,537"
,,Q2M3T9,147
,,Q09LY5,"364,392"
,,Q12168,"454,537,541"
,,P16278,"188,268"
,,P54716,"172,265"
,,P83513,"92,182"
,,P83673,"16,27"
,,Q6YGZ1,"217,335"
,,P94522,"44,215"
,,Q8E372,"115,175"
,,P31723,375
,,Q7XSK2,"196,410"
,,P96645,"32,85,97"
,,Q4R1C4,"464,539"
,,P96157,242
,,Q8GJ44,"92,182"
,,Q8HA43,"26,91"
,,Q8I4R4,122
,,Q5ATH9,288
,,Q8VEI3,129
,,Q8A6L0,"415,470"
,,Q8J0K5,"78,167"
,,Q00177,"111,219"
,,Q8NK89,"221,297"
,,Q8WWR8,"47,48,419,440"
,,Q8BHN3,"542,618"
,,Q2CEE3,116
,,Q91XA9,119
,,Q8WVB3,149
,,Q1XIR9,"240,456"
,,Q1XH04,"240,456"
,,Q99036,"196,303"
,,Q99519,"103,370,394"
,,Q94A41,"666,691"
,,Q9FRV0,90
,,Q8K2I4,"457,554"
,,Q3U4H6,149
,,Q2UHL4,"206,228"
,,Q6H9K0,"200,223"
,,Q95X01,"167,374"
,,Q9JMH7,"50,369,386"
,,Q9LCB9,"116,212"
,,Q2UR38,310
,,Q7XSK0,"194,408"
,,Q8IU26,"16,28"
,,Q9M2U5,136
,,Q9LV33,"205,419"
,,Q8RS40,"116,212"
,,Q8L5J1,"204,318"
,,Q9H227,"165,373"
,,Q65CX4,"144,308"
,,Q9UKM7,"330,463,570,599"
,,Q9X108,241
,,Q8VIJ5,116
,,Q9P359,"201,223"
,,Q9LRC8,"212,329"
,,Q91ZJ9,159
,,A0A0U4EBH5,"192,294"
,,A0A2U7QU15,"128,235"
,,Q9Y3R4,"334,355"
,,A0A8G1A3Q5,113
,,Q9C512,"179,312,423,445"
,,Q8GVD0,"202,433"
,,Q9EQQ9,116
,,Q8H116,"180,312,424,446"
,,A7LXT3,"185,511,553,562"
,,A2QTU5,"413,505"
,,Q9ALJ4,"478,548"
,,A7LXS8,273
,,Q95327,"457,554"
,,Q9FIW4,"183,388"
,,Q9HGI3,"225,278,349"
,,A9CEZ0,"388,391,455"
,,Q9RC92,"88,149"
,,A0P8X0,"231,373"
,,A0A2U7R6V5,"86,180"
,,Q9ZT64,"191,408"
,,A8J4S9,"335,532"
,,U6BLZ9,229
,,B2ABX7,"260,439"
,,Q9LXD6,298
,,A7LXU3,314
,,A2QVZ0,"51,222"
,,A0A8A1G1R1,"346,439"
,,B7SIW2,"132,238"
,,E1ABX2,41
,,A7LXU0,"38,198"
,,B0KZK1,"217,253"
,,A7LXS9,"437,544"
,,C6CRV0,"138,193,262"
,,C8WV58,"157,313"
,,B2AC20,"152,199"
,,E7CY69,232
,,G5EAZ3,135
,,A7LXT8,"34,189"
,,B3VSG7,"86,178"
,,B2AE04,"125,170"
,,I1S2K3,"85,176"
,,I1BYM7,"210,233"
,,B3PGJ1,"152,207"
,,I1S3C6,"132,243"
,,I1BTD7,"254,483"
,,O08342,"187,328"
,,A1A3T0,"483,557"
,,B7SIW1,"85,176"
,,O42809,"219,241"
,,O07013,"194,292"
,,I1BYN6,"210,233"
,,O69231,"133,240"
,,O31411,412
,,C7NB67,"170,263"
,,C7N8L9,"160,375"
,,J5K1E2,"459,664"
,,D7EZJ3,"85,174"
,,B6EY09,307
,,P13933,"154,192,339"
,,O69315,"141,312"
,,G2QCS4,"219,224"
,,O86959,"209,238"
,,D9SM34,"142,298"
,,I1BPS7,"188,211"
,,O58247,"181,349"
,,O86960,"175,260"
,,P19668,"148,303"
,,P23665,"82,417"
,,I1RQU5,"129,243"
,,P32823,156
,,P82186,"24,132"
,,P39795,"203,254"
,,I1BYN5,"198,221"
,,P82594,"60,236"
,,P49067,"124,215"
,,O31608,85
,,P85345,"35,53"
,,O22317,"122,264"
,,P54937,"185,309"
,,O43097,"86,178"
,,Q12550,"88,179"
,,Q1HFS8,"155,262"
,,I2C092,430
,,Q00293,"244,267"
,,O22637,"417,473"
,,Q4WG11,"85,176"
,,P82593,380
,,O94163,"111,219"
,,P22533,"162,257"
,,P15737,"122,259"
,,Q5ASG9,"245,268"
,,P96105,"281,360,388"
,,Q45070,"171,260"
,,O74168,482
,,P36917,"144,186,249"
,,Q10NX8,"189,258"
,,Q5B153,"153,263"
,,Q5B7R2,"216,221"
,,P55332,"85,176"
,,Q5AU92,"511,573"
,,Q5BDU5,"150,257"
,,P85045,"35,53"
,,Q27650,"5,96,98"
,,P48841,"161,270"
,,Q05638,121
,,Q6L6S1,230
,,P62601,"326,509"
,,P0C2S1,"386,737,786,795"
,,Q2PGV8,"115,231"
,,P53627,"175,294"
,,Q8DR77,"113,173"
,,Q47096,"168,256"
,,Q5BFG8,230
,,Q8J0I9,"243,339"
,,Q5ATQ3,"215,237"
,,Q5B508,"203,225"
,,Q5AX28,"156,223"
,,Q9HFA4,"85,176"
,,Q84PN8,76
,,Q5B833,"204,312"
,,Q96VB6,"111,217"
,,Q5BCC6,330
,,Q9HEZ1,"135,240"
,,Q5BAS1,307
,,Q9P358,229
,,Q6PRW6,"112,218"
,,Q6QDR4,142
,,Q9P4W3,"199,221"
,,Q7LZQ1,"35,53"
,,Q28949,151
,,V9TXH2,"81,174"
,,Q76FP5,"210,311"
,,X4Y2L4,"176,290"
,,A0A023VXA2,"158,270"
,,Q9P8J1,"112,218"
,,Q9P4W4,"207,229"
,,Q5NAT0,"93,428,480,489"
,,A5DHM6,"34,214"
,,Q8X168,"152,262"
,,Q8KR69,"334,369"
,,B6DZC8,75
,,D0KQM8,"320,323,416"
,,Q9A0T3,"116,176"
,,O69230,"138,192,256"
,,C0SPA0,"406,435"
,,F6C6C1,232
,,O14412,"105,109"
,,Q96W72,"85,178"
,,O74199,112
,,Q9HFS9,"34,200"
,,W0HJ53,"85,176"
,,P29019,"130,191"
,,O54315,"141,312"
,,Q82PP4,"636,895"
,,Q9R9H8,"327,356"
,,B5A7N4,"86,177"
,,P48982,"184,260"
,,O32611,"410,458"
,,Q04937,47
,,P48980,"180,249"
,,A2QEQ6,"208,324"
,,L7P9J4,163
,,Q0ZHI9,"85,176"
,,O00906,"455,458,585"
,,O74706,"160,266"
,,Q2TX26,"214,219"
,,D2PPM7,"451,454,516"
,,P23556,"134,242"
,,P51584,"149,272"
,,Q6QJ75,"88,179"
,,Q60037,"139,245"
,,P34742,"96,234"
,,P40942,"145,253"
,,P48823,305
,,P85512,21
,,P09961,"125,216"
,,Q59140,"434,513"
,,Q92451,"347,412"
,,P26257,"389,462"
,,P48842,"152,262"
,,P0DTR5,"463,532"
,,P93594,"184,378"
,,W0HFK8,"112,218"
,,Q9K3E4,116
,,Q9AV88,"247,446"
,,Q84LA1,75
,,Q96TR7,"86,180"
,,Q12549,"88,179"
,,Q08341,"327,356"
,,Q60042,"139,245"
,,Q92457,"504,566"
,,Q5FJ41,"148,307"
,,Q70XE6,70
,,Q4WBR2,"241,337"
,,Q10RZ1,"267,465"
,,Q90VZ3,"71,84"
,,Q5B7W2,432
,,P06564,"190,305"
,,Q07940,"135,222"
,,Q7WUL3,283
,,Q9AI62,"201,243"
,,Q76HP6,41
,,Q82NR8,"476,545"
