atom_number,residue_name,residue_id,atom_label,attention_score
1,GLU,0,N,0.3678065538406372
2,GLU,0,CA,0.8953073024749756
3,GLU,0,C,0.8238438367843628
4,GLU,0,O,0.3599723279476166
5,GLU,0,CB,0.6535155773162842
6,GLU,0,CG,0.5268862843513489
7,GLU,0,CD,0.6471812725067139
8,GLU,0,OE1,0.18256747722625732
9,GLU,0,OE2,0.18080870807170868
18,THR,1,N,0.7031316757202148
19,THR,1,CA,0.8878573179244995
20,THR,1,C,0.8273352980613708
21,THR,1,O,0.3597973585128784
22,THR,1,CB,1.0076725482940674
23,THR,1,OG1,0.4464251697063446
24,THR,1,CG2,0.3799079954624176
32,ARG,2,N,0.7021674513816833
33,ARG,2,CA,0.8976381421089172
34,ARG,2,C,0.8287091851234436
35,ARG,2,O,0.36075374484062195
36,ARG,2,CB,0.6729272603988647
37,ARG,2,CG,0.5310583114624023
38,ARG,2,CD,0.39840298891067505
39,ARG,2,NE,0.4458685517311096
40,ARG,2,CZ,0.5649042725563049
41,ARG,2,NH1,0.2583443224430084
42,ARG,2,NH2,0.2533755600452423
56,SER,3,N,0.7017422914505005
57,SER,3,CA,0.8694151639938354
58,SER,3,C,0.824531078338623
59,SER,3,O,0.3599838316440582
60,SER,3,CB,0.4828200936317444
61,SER,3,OG,0.17471984028816223
67,LEU,4,N,0.6996888518333435
68,LEU,4,CA,0.8806055188179016
69,LEU,4,C,0.8246224522590637
70,LEU,4,O,0.36018362641334534
71,LEU,4,CB,0.6647832989692688
72,LEU,4,CG,0.7228908538818359
73,LEU,4,CD1,0.24942539632320404
74,LEU,4,CD2,0.1996907889842987
86,PHE,5,N,0.6995738744735718
87,PHE,5,CA,0.8789346218109131
88,PHE,5,C,0.8235996961593628
89,PHE,5,O,0.36005187034606934
90,PHE,5,CB,0.6351697444915771
91,PHE,5,CG,0.7446932792663574
92,PHE,5,CD1,0.5242915153503418
93,PHE,5,CD2,0.27412161231040955
94,PHE,5,CE1,0.5272091627120972
95,PHE,5,CE2,0.2520364224910736
96,PHE,5,CZ,0.36955422163009644
106,ALA,6,N,0.7001299858093262
107,ALA,6,CA,0.869282603263855
108,ALA,6,C,0.8244318962097168
109,ALA,6,O,0.3597092032432556
110,ALA,6,CB,0.3821847438812256
116,PHE,7,N,0.6990129351615906
117,PHE,7,CA,0.8789144158363342
118,PHE,7,C,0.8241598010063171
119,PHE,7,O,0.3600412905216217
120,PHE,7,CB,0.6351844072341919
121,PHE,7,CG,0.7446819543838501
122,PHE,7,CD1,0.524268388748169
123,PHE,7,CD2,0.2740824222564697
124,PHE,7,CE1,0.5271840691566467
125,PHE,7,CE2,0.2520197033882141
126,PHE,7,CZ,0.3695806562900543
136,MET,8,N,0.6999944448471069
137,MET,8,CA,0.8848879933357239
138,MET,8,C,0.8247281908988953
139,MET,8,O,0.36014503240585327
140,MET,8,CB,0.6949886083602905
141,MET,8,CG,0.6236350536346436
142,MET,8,SD,0.5335992574691772
143,MET,8,CE,0.2663516402244568
153,GLN,9,N,0.7004451751708984
154,GLN,9,CA,0.8833169937133789
155,GLN,9,C,0.8228669166564941
156,GLN,9,O,0.3599272668361664
157,GLN,9,CB,0.6592884063720703
158,GLN,9,CG,0.5178635120391846
159,GLN,9,CD,0.5895100831985474
166,GLN,9,OE1,0.19512200355529785
167,GLN,9,NE2,0.24188964068889618
170,GLU,10,N,0.7016531825065613
171,GLU,10,CA,0.8815151453018188
172,GLU,10,C,0.8246012926101685
173,GLU,10,O,0.3600512742996216
174,GLU,10,CB,0.6571983098983765
175,GLU,10,CG,0.5274538993835449
176,GLU,10,CD,0.6480073928833008
177,GLU,10,OE1,0.18289032578468323
178,GLU,10,OE2,0.18122994899749756
185,GLN,11,N,0.7002054452896118
186,GLN,11,CA,0.8830612897872925
187,GLN,11,C,0.8267458081245422
188,GLN,11,O,0.3602772653102875
189,GLN,11,CB,0.6591939926147461
190,GLN,11,CG,0.5179024338722229
191,GLN,11,CD,0.5894218683242798
198,GLN,11,OE1,0.19515468180179596
199,GLN,11,NE2,0.24184998869895935
202,ARG,12,N,0.7027390599250793
203,ARG,12,CA,0.8976083993911743
204,ARG,12,C,0.8302793502807617
205,ARG,12,O,0.3608674108982086
206,ARG,12,CB,0.6730258464813232
207,ARG,12,CG,0.53130704164505
208,ARG,12,CD,0.3982698321342468
209,ARG,12,NE,0.44602763652801514
210,ARG,12,CZ,0.5649333000183105
211,ARG,12,NH1,0.2583606243133545
212,ARG,12,NH2,0.25335070490837097
226,ARG,13,N,0.7031082510948181
227,ARG,13,CA,0.8975649476051331
228,ARG,13,C,0.8282039165496826
229,ARG,13,O,0.36080658435821533
230,ARG,13,CB,0.6729003190994263
231,ARG,13,CG,0.5311275720596313
232,ARG,13,CD,0.3985055088996887
233,ARG,13,NE,0.4460486173629761
234,ARG,13,CZ,0.5648888349533081
235,ARG,13,NH1,0.25834065675735474
236,ARG,13,NH2,0.2533799111843109
250,HIS,14,N,0.7007683515548706
251,HIS,14,CA,0.8674242496490479
252,HIS,14,C,0.8241876363754272
253,HIS,14,O,0.3598022162914276
254,HIS,14,CB,0.6810461282730103
255,HIS,14,CG,0.9254442453384399
260,HIS,14,ND1,0.7152185440063477
261,HIS,14,CD2,0.6035878658294678
262,HIS,14,CE1,0.7783501744270325
263,HIS,14,NE2,0.5763481855392456
267,SER,15,N,0.7010812759399414
268,SER,15,CA,0.8695076107978821
269,SER,15,C,0.8246356248855591
270,SER,15,O,0.3600640892982483
271,SER,15,CB,0.48287251591682434
272,SER,15,OG,0.174739807844162
278,ILE,16,N,0.7026023864746094
279,ILE,16,CA,0.8775397539138794
280,ILE,16,C,0.8255436420440674
281,ILE,16,O,0.35999107360839844
282,ILE,16,CB,0.9196910262107849
283,ILE,16,CG1,0.749240517616272
284,ILE,16,CG2,0.3742890954017639
285,ILE,16,CD1,0.5164114832878113
297,MET,17,N,0.6997659206390381
298,MET,17,CA,0.8849647045135498
299,MET,17,C,0.8245835304260254
300,MET,17,O,0.3601912260055542
301,MET,17,CB,0.6951534748077393
302,MET,17,CG,0.6236556768417358
303,MET,17,SD,0.5336347818374634
304,MET,17,CE,0.266451358795166
314,PHE,18,N,0.6994770169258118
315,PHE,18,CA,0.878818154335022
316,PHE,18,C,0.8241081237792969
317,PHE,18,O,0.36015012860298157
318,PHE,18,CB,0.6351032853126526
319,PHE,18,CG,0.7446321845054626
320,PHE,18,CD1,0.5242764353752136
321,PHE,18,CD2,0.2741267681121826
322,PHE,18,CE1,0.5271689295768738
323,PHE,18,CE2,0.25200986862182617
324,PHE,18,CZ,0.3695847988128662
334,GLY,19,N,0.710098922252655
335,GLY,19,CA,0.6176639795303345
336,GLY,19,C,0.8216871023178101
337,GLY,19,O,0.35929858684539795
341,HIS,20,N,0.6980340480804443
342,HIS,20,CA,0.8649008274078369
343,HIS,20,C,0.8224347233772278
344,HIS,20,O,0.3596922755241394
345,HIS,20,CB,0.6878657341003418
346,HIS,20,CG,0.9225599765777588
351,HIS,20,ND1,0.7103489637374878
352,HIS,20,CD2,0.5407522916793823
353,HIS,20,CE1,0.800498902797699
354,HIS,20,NE2,0.5838457345962524
358,GLN,21,N,0.6998295783996582
359,GLN,21,CA,0.8832316398620605
360,GLN,21,C,0.8243705034255981
361,GLN,21,O,0.36015862226486206
362,GLN,21,CB,0.6593450307846069
363,GLN,21,CG,0.5179194808006287
364,GLN,21,CD,0.5895301699638367
371,GLN,21,OE1,0.19515103101730347
372,GLN,21,NE2,0.2418787032365799
375,HIS,22,N,0.6988093852996826
376,HIS,22,CA,0.8650205135345459
377,HIS,22,C,0.8203914761543274
378,HIS,22,O,0.35946834087371826
379,HIS,22,CB,0.6879070997238159
380,HIS,22,CG,0.9226498603820801
385,HIS,22,ND1,0.7104635238647461
386,HIS,22,CD2,0.5407202839851379
387,HIS,22,CE1,0.8006246089935303
388,HIS,22,NE2,0.5839232206344604
392,GLU,23,N,0.7014282941818237
393,GLU,23,CA,0.8817347288131714
394,GLU,23,C,0.8243601322174072
395,GLU,23,O,0.3600902855396271
396,GLU,23,CB,0.657299280166626
397,GLU,23,CG,0.5276329517364502
398,GLU,23,CD,0.6480368375778198
399,GLU,23,OE1,0.18301856517791748
400,GLU,23,OE2,0.18139329552650452
407,THR,24,N,0.7032390832901001
408,THR,24,CA,0.8879172801971436
409,THR,24,C,0.8254843950271606
410,THR,24,O,0.35972458124160767
411,THR,24,CB,1.0077844858169556
412,THR,24,OG1,0.4465884864330292
413,THR,24,CG2,0.37994709610939026
421,THR,25,N,0.7027634382247925
422,THR,25,CA,0.8878157138824463
423,THR,25,C,0.8257861137390137
424,THR,25,O,0.3596533238887787
425,THR,25,CB,1.007799506187439
426,THR,25,OG1,0.44653549790382385
427,THR,25,CG2,0.37999227643013
435,GLN,26,N,0.699884295463562
436,GLN,26,CA,0.8833094835281372
437,GLN,26,C,0.8249087333679199
438,GLN,26,O,0.3600996732711792
439,GLN,26,CB,0.6594316959381104
440,GLN,26,CG,0.5179347991943359
441,GLN,26,CD,0.5896086692810059
442,GLN,26,OE1,0.19514794647693634
443,GLN,26,NE2,0.24189476668834686
452,GLY,27,N,0.7102420926094055
453,GLY,27,CA,0.6176140308380127
454,GLY,27,C,0.8220234513282776
455,GLY,27,O,0.3592749536037445
459,LEU,28,N,0.6988285779953003
460,LEU,28,CA,0.8807400465011597
461,LEU,28,C,0.8245403170585632
462,LEU,28,O,0.360257625579834
463,LEU,28,CB,0.6648404002189636
464,LEU,28,CG,0.7228968739509583
465,LEU,28,CD1,0.24952778220176697
466,LEU,28,CD2,0.19984564185142517
478,THR,29,N,0.703385591506958
479,THR,29,CA,0.8878921270370483
480,THR,29,C,0.8257046341896057
481,THR,29,O,0.359698623418808
482,THR,29,CB,1.0076985359191895
483,THR,29,OG1,0.44644200801849365
484,THR,29,CG2,0.37995994091033936
492,ILE,30,N,0.7021565437316895
493,ILE,30,CA,0.8776208758354187
494,ILE,30,C,0.8252506256103516
495,ILE,30,O,0.35999512672424316
496,ILE,30,CB,0.9197312593460083
497,ILE,30,CG1,0.7492136359214783
498,ILE,30,CG2,0.37435606122016907
499,ILE,30,CD1,0.5164856314659119
511,THR,31,N,0.7030877470970154
512,THR,31,CA,0.8879502415657043
513,THR,31,C,0.8273992538452148
514,THR,31,O,0.3598080575466156
515,THR,31,CB,1.0078437328338623
516,THR,31,OG1,0.44660037755966187
517,THR,31,CG2,0.3800238370895386
525,ARG,32,N,0.7021649479866028
526,ARG,32,CA,0.8975962996482849
527,ARG,32,C,0.8284610509872437
528,ARG,32,O,0.3608289062976837
529,ARG,32,CB,0.6731183528900146
530,ARG,32,CG,0.5311505794525146
531,ARG,32,CD,0.39844244718551636
532,ARG,32,NE,0.4459301829338074
533,ARG,32,CZ,0.5648834705352783
534,ARG,32,NH1,0.2583470344543457
535,ARG,32,NH2,0.2533748149871826
549,THR,33,N,0.7037230730056763
550,THR,33,CA,0.8879656791687012
551,THR,33,C,0.822788655757904
552,THR,33,O,0.35940635204315186
553,THR,33,CB,1.0078245401382446
554,THR,33,OG1,0.44654953479766846
555,THR,33,CG2,0.3800317645072937
563,ASP,34,N,0.7016327381134033
564,ASP,34,CA,0.8985782265663147
565,ASP,34,C,0.8242781162261963
566,ASP,34,O,0.35957279801368713
567,ASP,34,CB,0.7932003736495972
568,ASP,34,CG,1.4138134717941284
569,ASP,34,OD1,0.4396846890449524
570,ASP,34,OD2,0.34934180974960327
575,GLY,35,N,0.7096887230873108
576,GLY,35,CA,0.6177232265472412
577,GLY,35,C,0.822100818157196
578,GLY,35,O,0.35928764939308167
582,THR,36,N,0.7025572061538696
583,THR,36,CA,0.8879698514938354
584,THR,36,C,0.8257560133934021
585,THR,36,O,0.3596528172492981
586,THR,36,CB,1.0077543258666992
587,THR,36,OG1,0.4465160369873047
588,THR,36,CG2,0.37999704480171204
596,GLN,37,N,0.6998195648193359
597,GLN,37,CA,0.8831613063812256
598,GLN,37,C,0.8250424861907959
599,GLN,37,O,0.36015230417251587
600,GLN,37,CB,0.6592179536819458
601,GLN,37,CG,0.5178649425506592
602,GLN,37,CD,0.5895769596099854
609,GLN,37,OE1,0.19514086842536926
610,GLN,37,NE2,0.2418951839208603
613,SER,38,N,0.7013408541679382
614,SER,38,CA,0.8692290782928467
615,SER,38,C,0.8219200372695923
616,SER,38,O,0.3598644733428955
617,SER,38,CB,0.48285698890686035
618,SER,38,OG,0.17478884756565094
624,ASP,39,N,0.7021976709365845
625,ASP,39,CA,0.8984500169754028
626,ASP,39,C,0.8241543769836426
627,ASP,39,O,0.35956305265426636
628,ASP,39,CB,0.7932847142219543
629,ASP,39,CG,1.4137200117111206
630,ASP,39,OD1,0.43981271982192993
631,ASP,39,OD2,0.3493235111236572
636,THR,40,N,0.7027683258056641
637,THR,40,CA,0.887822151184082
638,THR,40,C,0.825731635093689
639,THR,40,O,0.3596579432487488
640,THR,40,CB,1.007754921913147
641,THR,40,OG1,0.44648316502571106
642,THR,40,CG2,0.3799515962600708
650,PHE,41,N,0.699061393737793
651,PHE,41,CA,0.8787779808044434
652,PHE,41,C,0.8225753307342529
653,PHE,41,O,0.35997122526168823
654,PHE,41,CB,0.6351419687271118
655,PHE,41,CG,0.744627833366394
656,PHE,41,CD1,0.52424156665802
657,PHE,41,CD2,0.2740862965583801
658,PHE,41,CE1,0.5271023511886597
659,PHE,41,CE2,0.2520163059234619
660,PHE,41,CZ,0.3695524334907532
670,ASN,42,N,0.700311541557312
671,ASN,42,CA,0.8788020610809326
672,ASN,42,C,0.8250130414962769
673,ASN,42,O,0.3595145642757416
674,ASN,42,CB,0.8071138262748718
675,ASN,42,CG,1.079992651939392
680,ASN,42,OD1,0.43979984521865845
681,ASN,42,ND2,0.2221195101737976
684,ALA,43,N,0.6997514963150024
685,ALA,43,CA,0.86921626329422
686,ALA,43,C,0.8247406482696533
687,ALA,43,O,0.35977959632873535
688,ALA,43,CB,0.3821828067302704
694,VAL,44,N,0.703375518321991
695,VAL,44,CA,0.8841851949691772
696,VAL,44,C,0.8260939121246338
697,VAL,44,O,0.359951376914978
698,VAL,44,CB,0.9004141688346863
699,VAL,44,CG1,0.36222195625305176
700,VAL,44,CG2,0.3733817934989929
710,GLY,45,N,0.7100847959518433
711,GLY,45,CA,0.617700457572937
712,GLY,45,C,0.8195115923881531
713,GLY,45,O,0.3590964674949646
717,ASP,46,N,0.7013707160949707
718,ASP,46,CA,0.8984078168869019
719,ASP,46,C,0.8241572380065918
720,ASP,46,O,0.35954776406288147
721,ASP,46,CB,0.7934302091598511
722,ASP,46,CG,1.4135143756866455
723,ASP,46,OD1,0.43985792994499207
724,ASP,46,OD2,0.3492542505264282
729,PHE,47,N,0.6987875699996948
730,PHE,47,CA,0.8788542151451111
731,PHE,47,C,0.823718786239624
732,PHE,47,O,0.3600766062736511
733,PHE,47,CB,0.6350823044776917
734,PHE,47,CG,0.7446056604385376
735,PHE,47,CD1,0.5242500305175781
736,PHE,47,CD2,0.2741144299507141
737,PHE,47,CE1,0.5270853042602539
738,PHE,47,CE2,0.25204142928123474
739,PHE,47,CZ,0.36955004930496216
749,ALA,48,N,0.7001582980155945
750,ALA,48,CA,0.86918044090271
751,ALA,48,C,0.8242024779319763
752,ALA,48,O,0.35973256826400757
753,ALA,48,CB,0.38216087222099304
759,ALA,49,N,0.6998668909072876
760,ALA,49,CA,0.8693138360977173
761,ALA,49,C,0.8246619701385498
762,ALA,49,O,0.35976484417915344
763,ALA,49,CB,0.3821779489517212
769,VAL,50,N,0.7032556533813477
770,VAL,50,CA,0.8838710784912109
771,VAL,50,C,0.8259768486022949
772,VAL,50,O,0.359975665807724
773,VAL,50,CB,0.900444507598877
774,VAL,50,CG1,0.3621920645236969
775,VAL,50,CG2,0.373404324054718
785,TYR,51,N,0.6992528438568115
786,TYR,51,CA,0.8796593546867371
787,TYR,51,C,0.8241073489189148
788,TYR,51,O,0.3601924777030945
789,TYR,51,CB,0.6351737976074219
790,TYR,51,CG,0.7445358633995056
791,TYR,51,CD1,0.5336841940879822
792,TYR,51,CD2,0.2789645791053772
793,TYR,51,CE1,0.5460624694824219
794,TYR,51,CE2,0.26474612951278687
795,TYR,51,CZ,0.46008622646331787
796,TYR,51,OH,0.12152719497680664
806,GLY,52,N,0.7100456953048706
807,GLY,52,CA,0.6176518201828003
808,GLY,52,C,0.8221323490142822
809,GLY,52,O,0.3592683970928192
813,TRP,53,N,0.699023962020874
814,TRP,53,CA,0.8805454969406128
815,TRP,53,C,0.8217422962188721
816,TRP,53,O,0.35996630787849426
817,TRP,53,CB,0.6318684220314026
818,TRP,53,CG,0.7461513876914978
819,TRP,53,CD1,0.46435704827308655
820,TRP,53,CD2,0.35002750158309937
821,TRP,53,NE1,0.34512078762054443
822,TRP,53,CE2,0.43084704875946045
823,TRP,53,CE3,0.26303476095199585
824,TRP,53,CZ2,0.3356054127216339
825,TRP,53,CZ3,0.27345338463783264
826,TRP,53,CH2,0.3385264277458191
837,ASP,54,N,0.702069878578186
838,ASP,54,CA,0.8984005451202393
839,ASP,54,C,0.8242568969726562
840,ASP,54,O,0.3596094846725464
841,ASP,54,CB,0.793401300907135
842,ASP,54,CG,1.4141404628753662
843,ASP,54,OD1,0.4399486482143402
844,ASP,54,OD2,0.3494519889354706
849,THR,55,N,0.7027667760848999
850,THR,55,CA,0.8878207802772522
851,THR,55,C,0.8257273435592651
852,THR,55,O,0.35966598987579346
853,THR,55,CB,1.0077481269836426
854,THR,55,OG1,0.44652119278907776
855,THR,55,CG2,0.38003063201904297
863,LEU,56,N,0.6992471218109131
864,LEU,56,CA,0.880573034286499
865,LEU,56,C,0.8248834609985352
866,LEU,56,O,0.3602200150489807
867,LEU,56,CB,0.664398193359375
868,LEU,56,CG,0.7228130102157593
869,LEU,56,CD1,0.24923351407051086
870,LEU,56,CD2,0.1996208131313324
882,SER,57,N,0.7014760971069336
883,SER,57,CA,0.8695250749588013
884,SER,57,C,0.8247183561325073
885,SER,57,O,0.36007535457611084
886,SER,57,CB,0.4827668368816376
887,SER,57,OG,0.1747613549232483
893,ILE,58,N,0.7026544809341431
894,ILE,58,CA,0.8776627779006958
895,ILE,58,C,0.8254953622817993
896,ILE,58,O,0.36004042625427246
897,ILE,58,CB,0.9197582006454468
898,ILE,58,CG1,0.7492052316665649
899,ILE,58,CG2,0.3743577003479004
900,ILE,58,CD1,0.5164300203323364
912,VAL,59,N,0.7033870220184326
913,VAL,59,CA,0.8839269876480103
914,VAL,59,C,0.8256075382232666
915,VAL,59,O,0.3599627912044525
916,VAL,59,CB,0.9004728198051453
917,VAL,59,CG1,0.3621755838394165
918,VAL,59,CG2,0.3734261095523834
928,ALA,60,N,0.6998415589332581
929,ALA,60,CA,0.8700433373451233
930,ALA,60,C,0.8384195566177368
931,ALA,60,O,0.3605087101459503
932,ALA,60,CB,0.38199225068092346
938,PRO,61,N,0.9766777753829956
939,PRO,61,CA,0.9015262722969055
940,PRO,61,C,0.8286513090133667
941,PRO,61,O,0.3601691722869873
942,PRO,61,CB,0.674403190612793
943,PRO,61,CG,0.501412034034729
944,PRO,61,CD,0.5760502219200134
952,LYS,62,N,0.702245831489563
953,LYS,62,CA,0.8963955640792847
954,LYS,62,C,0.8278128504753113
955,LYS,62,O,0.36072224378585815
956,LYS,62,CB,0.6723434329032898
957,LYS,62,CG,0.4944632649421692
958,LYS,62,CD,0.38330700993537903
959,LYS,62,CE,0.37187644839286804
960,LYS,62,NZ,0.17570646107196808
974,ALA,63,N,0.700669527053833
975,ALA,63,CA,0.8692690134048462
976,ALA,63,C,0.822689414024353
977,ALA,63,O,0.3595120310783386
978,ALA,63,CB,0.3821672201156616
984,GLU,64,N,0.701451301574707
985,GLU,64,CA,0.8816484212875366
986,GLU,64,C,0.8246525526046753
987,GLU,64,O,0.36009180545806885
988,GLU,64,CB,0.65724778175354
989,GLU,64,CG,0.5274853706359863
990,GLU,64,CD,0.6480699777603149
991,GLU,64,OE1,0.18292103707790375
992,GLU,64,OE2,0.18129833042621613
999,GLY,65,N,0.7102144360542297
1000,GLY,65,CA,0.6176913976669312
1001,GLY,65,C,0.8193511962890625
1002,GLY,65,O,0.35902824997901917
1006,ASP,66,N,0.7013541460037231
1007,ASP,66,CA,0.8985915780067444
1008,ASP,66,C,0.8243824243545532
1009,ASP,66,O,0.35954749584198
1010,ASP,66,CB,0.7928298711776733
1011,ASP,66,CG,1.4138996601104736
1012,ASP,66,OD1,0.43962451815605164
1013,ASP,66,OD2,0.3494914770126343
1018,ILE,67,N,0.7022117376327515
1019,ILE,67,CA,0.8775473833084106
1020,ILE,67,C,0.825454592704773
1021,ILE,67,O,0.35999566316604614
1022,ILE,67,CB,0.919640064239502
1023,ILE,67,CG1,0.7489283084869385
1024,ILE,67,CG2,0.3743087649345398
1025,ILE,67,CD1,0.516298234462738
1037,VAL,68,N,0.7034687995910645
1038,VAL,68,CA,0.8840440511703491
1039,VAL,68,C,0.8256703019142151
1040,VAL,68,O,0.3599725365638733
1041,VAL,68,CB,0.9004622101783752
1042,VAL,68,CG1,0.36224836111068726
1043,VAL,68,CG2,0.37336060404777527
1053,ALA,69,N,0.7000297904014587
1054,ALA,69,CA,0.8692717552185059
1055,ALA,69,C,0.8246029615402222
1056,ALA,69,O,0.3597455620765686
1057,ALA,69,CB,0.38218531012535095
1063,GLN,70,N,0.6998879909515381
1064,GLN,70,CA,0.8830233812332153
1065,GLN,70,C,0.825054407119751
1066,GLN,70,O,0.3601726293563843
1067,GLN,70,CB,0.6593189239501953
1068,GLN,70,CG,0.5179240107536316
1069,GLN,70,CD,0.5895049571990967
1076,GLN,70,OE1,0.19516953825950623
1077,GLN,70,NE2,0.24185949563980103
1080,VAL,71,N,0.703630805015564
1081,VAL,71,CA,0.8839063048362732
1082,VAL,71,C,0.8278287053108215
1083,VAL,71,O,0.36010104417800903
1084,VAL,71,CB,0.9004150629043579
1085,VAL,71,CG1,0.3622432053089142
1086,VAL,71,CG2,0.3733242154121399
1096,LYS,72,N,0.7021616697311401
1097,LYS,72,CA,0.8962504267692566
1098,LYS,72,C,0.8298382759094238
1099,LYS,72,O,0.3608585596084595
1100,LYS,72,CB,0.6723088026046753
1101,LYS,72,CG,0.49454641342163086
1102,LYS,72,CD,0.38330793380737305
1103,LYS,72,CE,0.3719813823699951
1104,LYS,72,NZ,0.17571499943733215
1118,LYS,73,N,0.7027034759521484
1119,LYS,73,CA,0.8961691856384277
1120,LYS,73,C,0.8277939558029175
1121,LYS,73,O,0.3606783449649811
1122,LYS,73,CB,0.6722453832626343
1123,LYS,73,CG,0.49448251724243164
1124,LYS,73,CD,0.38331466913223267
1125,LYS,73,CE,0.37194254994392395
1126,LYS,73,NZ,0.1757175326347351
1140,ALA,74,N,0.7006610035896301
1141,ALA,74,CA,0.869177520275116
1142,ALA,74,C,0.8245073556900024
1143,ALA,74,O,0.3597131371498108
1144,ALA,74,CB,0.38216647505760193
1150,TYR,75,N,0.6991487741470337
1151,TYR,75,CA,0.8796712756156921
1152,TYR,75,C,0.8236562609672546
1153,TYR,75,O,0.3600406050682068
1154,TYR,75,CB,0.6351186037063599
1155,TYR,75,CG,0.7445464134216309
1156,TYR,75,CD1,0.5336501002311707
1157,TYR,75,CD2,0.27895331382751465
1158,TYR,75,CE1,0.5458818674087524
1159,TYR,75,CE2,0.2646385431289673
1160,TYR,75,CZ,0.460094153881073
1161,TYR,75,OH,0.1214863508939743
1171,ALA,76,N,0.7001813650131226
1172,ALA,76,CA,0.8692534565925598
1173,ALA,76,C,0.8262559175491333
1174,ALA,76,O,0.35987305641174316
1175,ALA,76,CB,0.3821246922016144
1181,ARG,77,N,0.7022172212600708
1182,ARG,77,CA,0.8979815244674683
1183,ARG,77,C,0.828696608543396
1184,ARG,77,O,0.3607196807861328
1185,ARG,77,CB,0.6730462908744812
1186,ARG,77,CG,0.5309758186340332
1187,ARG,77,CD,0.3985867500305176
1188,ARG,77,NE,0.44588369131088257
1189,ARG,77,CZ,0.5648977160453796
1190,ARG,77,NH1,0.25836068391799927
1191,ARG,77,NH2,0.2533624768257141
1205,GLY,78,N,0.7106953859329224
1206,GLY,78,CA,0.6179025173187256
1207,GLY,78,C,0.8221520185470581
1208,GLY,78,O,0.3592911958694458
1212,GLY,79,N,0.7093372344970703
1213,GLY,79,CA,0.6177805662155151
1214,GLY,79,C,0.8222690224647522
1215,GLY,79,O,0.3593025505542755
1219,ILE,80,N,0.7018647789955139
1220,ILE,80,CA,0.8775883316993713
1221,ILE,80,C,0.8253717422485352
1222,ILE,80,O,0.35997915267944336
1223,ILE,80,CB,0.9197033643722534
1224,ILE,80,CG1,0.749130129814148
1225,ILE,80,CG2,0.37435951828956604
1226,ILE,80,CD1,0.5164083242416382
1238,ILE,81,N,0.7024285197257996
1239,ILE,81,CA,0.8775405883789062
1240,ILE,81,C,0.8253647089004517
1241,ILE,81,O,0.360038697719574
1242,ILE,81,CB,0.9196876287460327
1243,ILE,81,CG1,0.7493131160736084
1244,ILE,81,CG2,0.37424343824386597
1245,ILE,81,CD1,0.5164313316345215
1257,THR,82,N,0.7031234502792358
1258,THR,82,CA,0.8879812955856323
1259,THR,82,C,0.8257055282592773
1260,THR,82,O,0.3596644103527069
1261,THR,82,CB,1.0078814029693604
1262,THR,82,OG1,0.44660723209381104
1263,THR,82,CG2,0.37992143630981445
1271,VAL,83,N,0.7031008005142212
1272,VAL,83,CA,0.8838143348693848
1273,VAL,83,C,0.8262279033660889
1274,VAL,83,O,0.3600184917449951
1275,VAL,83,CB,0.9004828929901123
1276,VAL,83,CG1,0.3621845245361328
1277,VAL,83,CG2,0.3733882009983063
1287,SER,84,N,0.7011634111404419
1288,SER,84,CA,0.8694936633110046
1289,SER,84,C,0.8247343301773071
1290,SER,84,O,0.3600693941116333
1291,SER,84,CB,0.4829091429710388
1292,SER,84,OG,0.17475013434886932
1298,SER,85,N,0.7012759447097778
1299,SER,85,CA,0.8693308234214783
1300,SER,85,C,0.8261078596115112
1301,SER,85,O,0.3601955771446228
1302,SER,85,CB,0.4827879071235657
1303,SER,85,OG,0.17477841675281525
1309,HIS,86,N,0.702508807182312
1310,HIS,86,CA,0.9026694893836975
1311,HIS,86,C,0.8282155990600586
1312,HIS,86,O,0.36042818427085876
1313,HIS,86,CB,0.7408284544944763
1314,HIS,86,CG,0.9889379143714905
1319,HIS,86,ND1,0.7174862027168274
1320,HIS,86,CD2,0.6506838798522949
1321,HIS,86,CE1,0.8184370398521423
1322,HIS,86,NE2,0.6265740394592285
1327,PHE,87,N,0.6997344493865967
1328,PHE,87,CA,0.8787891268730164
1329,PHE,87,C,0.8211435079574585
1330,PHE,87,O,0.3598978519439697
1331,PHE,87,CB,0.6351732015609741
1332,PHE,87,CG,0.7446847558021545
1333,PHE,87,CD1,0.524320125579834
1334,PHE,87,CD2,0.27416300773620605
1335,PHE,87,CE1,0.5272178649902344
1336,PHE,87,CE2,0.2520321309566498
1337,PHE,87,CZ,0.36956971883773804
1347,ASP,88,N,0.7020179629325867
1348,ASP,88,CA,0.8982781171798706
1349,ASP,88,C,0.8228564262390137
1350,ASP,88,O,0.35946765542030334
1351,ASP,88,CB,0.7932045459747314
1352,ASP,88,CG,1.4137977361679077
1353,ASP,88,OD1,0.43977245688438416
1354,ASP,88,OD2,0.3491072654724121
1359,ASN,89,N,0.6996670961380005
1360,ASN,89,CA,0.8796696662902832
1361,ASN,89,C,0.8395637273788452
1362,ASN,89,O,0.360362708568573
1363,ASN,89,CB,0.8071434497833252
1364,ASN,89,CG,1.0798985958099365
1369,ASN,89,OD1,0.43980997800827026
1370,ASN,89,ND2,0.22211812436580658
1373,PRO,90,N,0.9767366647720337
1374,PRO,90,CA,0.9014118909835815
1375,PRO,90,C,0.8285294771194458
1376,PRO,90,O,0.36019057035446167
1377,PRO,90,CB,0.6744622588157654
1378,PRO,90,CG,0.5013498067855835
1379,PRO,90,CD,0.5761560201644897
1387,LYS,91,N,0.7022056579589844
1388,LYS,91,CA,0.8961997032165527
1389,LYS,91,C,0.8280861377716064
1390,LYS,91,O,0.3607812225818634
1391,LYS,91,CB,0.6722727417945862
1392,LYS,91,CG,0.4944509267807007
1393,LYS,91,CD,0.38341379165649414
1394,LYS,91,CE,0.37197333574295044
1395,LYS,91,NZ,0.17569281160831451
1409,THR,92,N,0.7037074565887451
1410,THR,92,CA,0.8878835439682007
1411,THR,92,C,0.8228310346603394
1412,THR,92,O,0.3594192862510681
1413,THR,92,CB,1.0077108144760132
1414,THR,92,OG1,0.4464116394519806
1415,THR,92,CG2,0.37999916076660156
1423,ASP,93,N,0.7017236948013306
1424,ASP,93,CA,0.8987541198730469
1425,ASP,93,C,0.8241037130355835
1426,ASP,93,O,0.35954931378364563
1427,ASP,93,CB,0.7930277585983276
1428,ASP,93,CG,1.4141664505004883
1429,ASP,93,OD1,0.4396709203720093
1430,ASP,93,OD2,0.3492148816585541
1435,THR,94,N,0.7027500867843628
1436,THR,94,CA,0.8879519701004028
1437,THR,94,C,0.8257930874824524
1438,THR,94,O,0.35965511202812195
1439,THR,94,CB,1.0077602863311768
1440,THR,94,OG1,0.44655436277389526
1441,THR,94,CG2,0.3799719512462616
1449,GLN,95,N,0.6998051404953003
1450,GLN,95,CA,0.883193850517273
1451,GLN,95,C,0.8266853094100952
1452,GLN,95,O,0.36030417680740356
1453,GLN,95,CB,0.6591991186141968
1454,GLN,95,CG,0.5179085731506348
1455,GLN,95,CD,0.5895981788635254
1462,GLN,95,OE1,0.19516471028327942
1463,GLN,95,NE2,0.24188172817230225
1466,LYS,96,N,0.7023704051971436
1467,LYS,96,CA,0.8963221311569214
1468,LYS,96,C,0.8283414244651794
1469,LYS,96,O,0.36076468229293823
1470,LYS,96,CB,0.672499418258667
1471,LYS,96,CG,0.49454265832901
1472,LYS,96,CD,0.3833177983760834
1473,LYS,96,CE,0.37196022272109985
1474,LYS,96,NZ,0.17570453882217407
1488,GLY,97,N,0.7106295228004456
1489,GLY,97,CA,0.6177394390106201
1490,GLY,97,C,0.8220914602279663
1491,GLY,97,O,0.35927727818489075
1495,VAL,98,N,0.7027300596237183
1496,VAL,98,CA,0.883976936340332
1497,VAL,98,C,0.8262211680412292
1498,VAL,98,O,0.3599371314048767
1499,VAL,98,CB,0.9004777669906616
1500,VAL,98,CG1,0.3621930480003357
1501,VAL,98,CG2,0.37340301275253296
1511,TRP,99,N,0.6996948719024658
1512,TRP,99,CA,0.880913257598877
1513,TRP,99,C,0.8385555744171143
1514,TRP,99,O,0.36095350980758667
1515,TRP,99,CB,0.6311681270599365
1516,TRP,99,CG,0.7463237643241882
1517,TRP,99,CD1,0.4641990065574646
1518,TRP,99,CD2,0.3500186502933502
1519,TRP,99,NE1,0.345123827457428
1520,TRP,99,CE2,0.43093162775039673
1521,TRP,99,CE3,0.26312437653541565
1522,TRP,99,CZ2,0.3356424570083618
1523,TRP,99,CZ3,0.27340662479400635
1524,TRP,99,CH2,0.3383766710758209
1535,PRO,100,N,0.9772806167602539
1536,PRO,100,CA,0.9017095565795898
1537,PRO,100,C,0.8269991874694824
1538,PRO,100,O,0.3600340187549591
1539,PRO,100,CB,0.6746407151222229
1540,PRO,100,CG,0.501395583152771
1541,PRO,100,CD,0.5760780572891235
1549,VAL,101,N,0.7035596370697021
1550,VAL,101,CA,0.8840468525886536
1551,VAL,101,C,0.8261648416519165
1552,VAL,101,O,0.360019326210022
1553,VAL,101,CB,0.9004464745521545
1554,VAL,101,CG1,0.36223164200782776
1555,VAL,101,CG2,0.373374342918396
1565,GLY,102,N,0.7100540399551392
1566,GLY,102,CA,0.6177839636802673
1567,GLY,102,C,0.8220134377479553
1568,GLY,102,O,0.3592531681060791
1572,THR,103,N,0.7024801969528198
1573,THR,103,CA,0.888099730014801
1574,THR,103,C,0.8258473873138428
1575,THR,103,O,0.35966700315475464
1576,THR,103,CB,1.007845163345337
1577,THR,103,OG1,0.44653481245040894
1578,THR,103,CG2,0.3800341784954071
1586,SER,104,N,0.7009257078170776
1587,SER,104,CA,0.8695114850997925
1588,SER,104,C,0.8246185779571533
1589,SER,104,O,0.36002886295318604
1590,SER,104,CB,0.4827765226364136
1591,SER,104,OG,0.17481781542301178
1597,TRP,105,N,0.699794352054596
1598,TRP,105,CA,0.880591094493866
1599,TRP,105,C,0.821732759475708
1600,TRP,105,O,0.35993239283561707
1601,TRP,105,CB,0.6318185329437256
1602,TRP,105,CG,0.7462713122367859
1603,TRP,105,CD1,0.4642665386199951
1604,TRP,105,CD2,0.35000669956207275
1605,TRP,105,NE1,0.3451501429080963
1606,TRP,105,CE2,0.43087294697761536
1607,TRP,105,CE3,0.2630895674228668
1608,TRP,105,CZ2,0.33558836579322815
1609,TRP,105,CZ3,0.27338406443595886
1610,TRP,105,CH2,0.33838367462158203
1621,ASP,106,N,0.7021158933639526
1622,ASP,106,CA,0.8983727097511292
1623,ASP,106,C,0.824293851852417
1624,ASP,106,O,0.35954415798187256
1625,ASP,106,CB,0.79304039478302
1626,ASP,106,CG,1.4137516021728516
1627,ASP,106,OD1,0.439720094203949
1628,ASP,106,OD2,0.34934282302856445
1633,GLN,107,N,0.69966721534729
1634,GLN,107,CA,0.8832153677940369
1635,GLN,107,C,0.8247939944267273
1636,GLN,107,O,0.3602222800254822
1637,GLN,107,CB,0.6592415571212769
1638,GLN,107,CG,0.5178903937339783
1639,GLN,107,CD,0.5895631909370422
1646,GLN,107,OE1,0.19518059492111206
1647,GLN,107,NE2,0.2418692260980606
1650,THR,108,N,0.7030317783355713
1651,THR,108,CA,0.8884403705596924
1652,THR,108,C,0.8397036790847778
1653,THR,108,O,0.36044543981552124
1654,THR,108,CB,1.0076004266738892
1655,THR,108,OG1,0.44642820954322815
1656,THR,108,CG2,0.38000982999801636
1664,PRO,109,N,0.9767864942550659
1665,PRO,109,CA,0.9014948606491089
1666,PRO,109,C,0.826520562171936
1667,PRO,109,O,0.3600553274154663
1668,PRO,109,CB,0.6746653318405151
1669,PRO,109,CG,0.5015131831169128
1670,PRO,109,CD,0.5761029124259949
1678,ALA,110,N,0.7001667022705078
1679,ALA,110,CA,0.8692340850830078
1680,ALA,110,C,0.8247072696685791
1681,ALA,110,O,0.35972943902015686
1682,ALA,110,CB,0.38217493891716003
1688,VAL,111,N,0.7033933997154236
1689,VAL,111,CA,0.883963942527771
1690,VAL,111,C,0.8261109590530396
1691,VAL,111,O,0.3600025475025177
1692,VAL,111,CB,0.9004297256469727
1693,VAL,111,CG1,0.3622671365737915
1694,VAL,111,CG2,0.3733188211917877
1704,VAL,112,N,0.7034990191459656
1705,VAL,112,CA,0.8840063810348511
1706,VAL,112,C,0.8233597278594971
1707,VAL,112,O,0.3597353994846344
1708,VAL,112,CB,0.9004066586494446
1709,VAL,112,CG1,0.3622332513332367
1710,VAL,112,CG2,0.37332919239997864
1720,ASP,113,N,0.7020151615142822
1721,ASP,113,CA,0.8985655307769775
1722,ASP,113,C,0.8246698975563049
1723,ASP,113,O,0.35954123735427856
1724,ASP,113,CB,0.7928072810173035
1725,ASP,113,CG,1.413896083831787
1726,ASP,113,OD1,0.4395982325077057
1727,ASP,113,OD2,0.3496638238430023
1732,SER,114,N,0.7009725570678711
1733,SER,114,CA,0.8694602251052856
1734,SER,114,C,0.824634313583374
1735,SER,114,O,0.360017865896225
1736,SER,114,CB,0.482832670211792
1737,SER,114,OG,0.17473559081554413
1743,LEU,115,N,0.6995738744735718
1744,LEU,115,CA,0.8807151317596436
1745,LEU,115,C,0.8386589288711548
1746,LEU,115,O,0.3610258400440216
1747,LEU,115,CB,0.6639615297317505
1748,LEU,115,CG,0.7227882146835327
1749,LEU,115,CD1,0.24925079941749573
1750,LEU,115,CD2,0.19965824484825134
1762,PRO,116,N,0.9772968888282776
1763,PRO,116,CA,0.9016256928443909
1764,PRO,116,C,0.826802134513855
1765,PRO,116,O,0.36005648970603943
1766,PRO,116,CB,0.6746709942817688
1767,PRO,116,CG,0.5014476776123047
1768,PRO,116,CD,0.5761765837669373
1776,GLY,117,N,0.7100465297698975
1777,GLY,117,CA,0.6178168058395386
1778,GLY,117,C,0.8223155736923218
1779,GLY,117,O,0.35932230949401855
1783,GLY,118,N,0.7093727588653564
1784,GLY,118,CA,0.6177763938903809
1785,GLY,118,C,0.8216187953948975
1786,GLY,118,O,0.35924938321113586
1790,ALA,119,N,0.6992733478546143
1791,ALA,119,CA,0.8694192171096802
1792,ALA,119,C,0.8246210813522339
1793,ALA,119,O,0.35971975326538086
1794,ALA,119,CB,0.3822096586227417
1800,TYR,120,N,0.6992688179016113
1801,TYR,120,CA,0.8796680569648743
1802,TYR,120,C,0.8226826190948486
1803,TYR,120,O,0.35996487736701965
1804,TYR,120,CB,0.635235071182251
1805,TYR,120,CG,0.7446050643920898
1806,TYR,120,CD1,0.5337557196617126
1807,TYR,120,CD2,0.2789628505706787
1808,TYR,120,CE1,0.5460343360900879
1809,TYR,120,CE2,0.2647371292114258
1810,TYR,120,CZ,0.46008002758026123
1811,TYR,120,OH,0.1215265542268753
1821,ASN,121,N,0.7003004550933838
1822,ASN,121,CA,0.8797920346260071
1823,ASN,121,C,0.8394725322723389
1824,ASN,121,O,0.36037033796310425
1825,ASN,121,CB,0.8071407079696655
1826,ASN,121,CG,1.0797836780548096
1831,ASN,121,OD1,0.4398217499256134
1832,ASN,121,ND2,0.22216592729091644
1835,PRO,122,N,0.9767399430274963
1836,PRO,122,CA,0.9016060829162598
1837,PRO,122,C,0.8270144462585449
1838,PRO,122,O,0.3600323498249054
1839,PRO,122,CB,0.6746616363525391
1840,PRO,122,CG,0.5014293789863586
1841,PRO,122,CD,0.576176643371582
1849,VAL,123,N,0.703579843044281
1850,VAL,123,CA,0.8839362859725952
1851,VAL,123,C,0.8262457251548767
1852,VAL,123,O,0.3599684238433838
1853,VAL,123,CB,0.9004355669021606
1854,VAL,123,CG1,0.3621844947338104
1855,VAL,123,CG2,0.37337008118629456
1865,LEU,124,N,0.6996792554855347
1866,LEU,124,CA,0.8805097341537476
1867,LEU,124,C,0.8232102394104004
1868,LEU,124,O,0.36012449860572815
1869,LEU,124,CB,0.6647000312805176
1870,LEU,124,CG,0.7228620052337646
1871,LEU,124,CD1,0.24939177930355072
1872,LEU,124,CD2,0.19964419305324554
1884,ASN,125,N,0.7004622220993042
1885,ASN,125,CA,0.8788623213768005
1886,ASN,125,C,0.8251852989196777
1887,ASN,125,O,0.3595443367958069
1888,ASN,125,CB,0.8071984648704529
1889,ASN,125,CG,1.0797560214996338
1894,ASN,125,OD1,0.4398093521595001
1895,ASN,125,ND2,0.2221885621547699
1898,GLY,126,N,0.7096105813980103
1899,GLY,126,CA,0.6176892518997192
1900,GLY,126,C,0.8222367167472839
1901,GLY,126,O,0.359261155128479
1905,TYR,127,N,0.6987645626068115
1906,TYR,127,CA,0.8798320293426514
1907,TYR,127,C,0.8241178393363953
1908,TYR,127,O,0.36009976267814636
1909,TYR,127,CB,0.6351844072341919
1910,TYR,127,CG,0.7445458769798279
1911,TYR,127,CD1,0.5336537957191467
1912,TYR,127,CD2,0.27888721227645874
1913,TYR,127,CE1,0.5459097623825073
1914,TYR,127,CE2,0.2646713852882385
1915,TYR,127,CZ,0.4600825607776642
1916,TYR,127,OH,0.1214546486735344
1926,LEU,128,N,0.6996552348136902
1927,LEU,128,CA,0.8805049061775208
1928,LEU,128,C,0.8219267129898071
1929,LEU,128,O,0.35998639464378357
1930,LEU,128,CB,0.6646810173988342
1931,LEU,128,CG,0.7228450179100037
1932,LEU,128,CD1,0.24926556646823883
1933,LEU,128,CD2,0.19960817694664001
1945,ASP,129,N,0.702255368232727
1946,ASP,129,CA,0.8985563516616821
1947,ASP,129,C,0.8242409229278564
1948,ASP,129,O,0.35954126715660095
1949,ASP,129,CB,0.7933393120765686
1950,ASP,129,CG,1.4141992330551147
1951,ASP,129,OD1,0.43980637192726135
1952,ASP,129,OD2,0.3494071066379547
1957,GLN,130,N,0.6997472643852234
1958,GLN,130,CA,0.8831801414489746
1959,GLN,130,C,0.825060248374939
1960,GLN,130,O,0.3601835370063782
1961,GLN,130,CB,0.6593341827392578
1962,GLN,130,CG,0.5179135799407959
1963,GLN,130,CD,0.58954918384552
1970,GLN,130,OE1,0.19518816471099854
1971,GLN,130,NE2,0.24186453223228455
1974,VAL,131,N,0.7036612033843994
1975,VAL,131,CA,0.8839311599731445
1976,VAL,131,C,0.825695276260376
1977,VAL,131,O,0.3599694073200226
1978,VAL,131,CB,0.9003983736038208
1979,VAL,131,CG1,0.36220428347587585
1980,VAL,131,CG2,0.37334421277046204
1990,ALA,132,N,0.7000523209571838
1991,ALA,132,CA,0.8691815733909607
1992,ALA,132,C,0.8225568532943726
1993,ALA,132,O,0.3595598340034485
1994,ALA,132,CB,0.3822020888328552
2000,GLU,133,N,0.701287031173706
2001,GLU,133,CA,0.8815944194793701
2002,GLU,133,C,0.8245437741279602
2003,GLU,133,O,0.360100656747818
2004,GLU,133,CB,0.6572844982147217
2005,GLU,133,CG,0.527457594871521
2006,GLU,133,CD,0.6480280160903931
2007,GLU,133,OE1,0.18288324773311615
2008,GLU,133,OE2,0.18124951422214508
2015,TRP,134,N,0.6997387409210205
2016,TRP,134,CA,0.8803763389587402
2017,TRP,134,C,0.8241553902626038
2018,TRP,134,O,0.3601296544075012
2019,TRP,134,CB,0.6317322850227356
2020,TRP,134,CG,0.7462276220321655
2021,TRP,134,CD1,0.464378297328949
2022,TRP,134,CD2,0.35007283091545105
2023,TRP,134,NE1,0.3451705574989319
2024,TRP,134,CE2,0.4308914840221405
2025,TRP,134,CE3,0.2630634009838104
2026,TRP,134,CZ2,0.33561187982559204
2027,TRP,134,CZ3,0.2734019458293915
2028,TRP,134,CH2,0.3384404480457306
2039,ALA,135,N,0.7002553939819336
2040,ALA,135,CA,0.8691288232803345
2041,ALA,135,C,0.8230354189872742
2042,ALA,135,O,0.35966143012046814
2043,ALA,135,CB,0.3821898400783539
2049,ASN,136,N,0.6999956369400024
2050,ASN,136,CA,0.8788002133369446
2051,ASN,136,C,0.8239170908927917
2052,ASN,136,O,0.35947519540786743
2053,ASN,136,CB,0.807145357131958
2054,ASN,136,CG,1.0798941850662231
2059,ASN,136,OD1,0.43980056047439575
2060,ASN,136,ND2,0.22215409576892853
2063,ASN,137,N,0.6998688578605652
2064,ASN,137,CA,0.8788124322891235
2065,ASN,137,C,0.8253516554832458
2066,ASN,137,O,0.35957297682762146
2067,ASN,137,CB,0.8071954250335693
2068,ASN,137,CG,1.0799498558044434
2073,ASN,137,OD1,0.43986326456069946
2074,ASN,137,ND2,0.22212378680706024
2077,LEU,138,N,0.6991201639175415
2078,LEU,138,CA,0.8804053664207458
2079,LEU,138,C,0.8263635635375977
2080,LEU,138,O,0.3603534698486328
2081,LEU,138,CB,0.664594292640686
2082,LEU,138,CG,0.7228513360023499
2083,LEU,138,CD1,0.24957339465618134
2084,LEU,138,CD2,0.19980648159980774
2096,LYS,139,N,0.7024068832397461
2097,LYS,139,CA,0.896267294883728
2098,LYS,139,C,0.8256244659423828
2099,LYS,139,O,0.3605329692363739
2100,LYS,139,CB,0.6725758910179138
2101,LYS,139,CG,0.4945577383041382
2102,LYS,139,CD,0.3832859694957733
2103,LYS,139,CE,0.3719278573989868
2104,LYS,139,NZ,0.1756865233182907
2118,ASP,140,N,0.7026470303535461
2119,ASP,140,CA,0.8985257148742676
2120,ASP,140,C,0.8223645091056824
2121,ASP,140,O,0.359361857175827
2122,ASP,140,CB,0.7930594682693481
2123,ASP,140,CG,1.4141464233398438
2124,ASP,140,OD1,0.4397066831588745
2125,ASP,140,OD2,0.34945327043533325
2130,GLU,141,N,0.701194703578949
2131,GLU,141,CA,0.8815237283706665
2132,GLU,141,C,0.8247266411781311
2133,GLU,141,O,0.36003339290618896
2134,GLU,141,CB,0.6571230888366699
2135,GLU,141,CG,0.5274792313575745
2136,GLU,141,CD,0.6480675935745239
2137,GLU,141,OE1,0.18293514847755432
2138,GLU,141,OE2,0.18129757046699524
2145,GLN,142,N,0.7002948522567749
2146,GLN,142,CA,0.8832566142082214
2147,GLN,142,C,0.8250740766525269
2148,GLN,142,O,0.3601592183113098
2149,GLN,142,CB,0.6594723463058472
2150,GLN,142,CG,0.5179585218429565
2151,GLN,142,CD,0.5895310640335083
2158,GLN,142,OE1,0.19512052834033966
2159,GLN,142,NE2,0.24189257621765137
2162,GLY,143,N,0.7101894617080688
2163,GLY,143,CA,0.6176179647445679
2164,GLY,143,C,0.8240011930465698
2165,GLY,143,O,0.35942521691322327
2169,ARG,144,N,0.7018892765045166
2170,ARG,144,CA,0.8976050615310669
2171,ARG,144,C,0.8286923170089722
2172,ARG,144,O,0.3607677221298218
2173,ARG,144,CB,0.6730461120605469
2174,ARG,144,CG,0.5311393737792969
2175,ARG,144,CD,0.39832377433776855
2176,ARG,144,NE,0.44588202238082886
2177,ARG,144,CZ,0.5648905038833618
2178,ARG,144,NH1,0.25834888219833374
2179,ARG,144,NH2,0.2533699572086334
2193,LEU,145,N,0.7001694440841675
2194,LEU,145,CA,0.8805456161499023
2195,LEU,145,C,0.8246952295303345
2196,LEU,145,O,0.36023667454719543
2197,LEU,145,CB,0.6645129919052124
2198,LEU,145,CG,0.7228301167488098
2199,LEU,145,CD1,0.24936418235301971
2200,LEU,145,CD2,0.1997145563364029
2212,ILE,146,N,0.7025789022445679
2213,ILE,146,CA,0.8782469034194946
2214,ILE,146,C,0.8394744396209717
2215,ILE,146,O,0.3608368933200836
2216,ILE,146,CB,0.9195497035980225
2217,ILE,146,CG1,0.7493880391120911
2218,ILE,146,CG2,0.37423473596572876
2219,ILE,146,CD1,0.5164595246315002
2231,PRO,147,N,0.9771316051483154
2232,PRO,147,CA,0.9013986587524414
2233,PRO,147,C,0.827034592628479
2234,PRO,147,O,0.36004358530044556
2235,PRO,147,CB,0.6745798587799072
2236,PRO,147,CG,0.5014663934707642
2237,PRO,147,CD,0.5762140154838562
2245,VAL,148,N,0.7035622000694275
2246,VAL,148,CA,0.8839195370674133
2247,VAL,148,C,0.8261672258377075
2248,VAL,148,O,0.3599874675273895
2249,VAL,148,CB,0.900457501411438
2250,VAL,148,CG1,0.3621862530708313
2251,VAL,148,CG2,0.3733746409416199
2261,ILE,149,N,0.7025232315063477
2262,ILE,149,CA,0.8774511814117432
2263,ILE,149,C,0.825483500957489
2264,ILE,149,O,0.3599688708782196
2265,ILE,149,CB,0.9196606278419495
2266,ILE,149,CG1,0.7492043375968933
2267,ILE,149,CG2,0.3742545545101166
2268,ILE,149,CD1,0.516386091709137
2280,PHE,150,N,0.699323832988739
2281,PHE,150,CA,0.8787988424301147
2282,PHE,150,C,0.8256692886352539
2283,PHE,150,O,0.36029595136642456
2284,PHE,150,CB,0.6351363658905029
2285,PHE,150,CG,0.7446497678756714
2286,PHE,150,CD1,0.5241997241973877
2287,PHE,150,CD2,0.2740904688835144
2288,PHE,150,CE1,0.5271453261375427
2289,PHE,150,CE2,0.25201600790023804
2290,PHE,150,CZ,0.3695407807826996
2300,ARG,151,N,0.7024645805358887
2301,ARG,151,CA,0.8974214792251587
2302,ARG,151,C,0.828659176826477
2303,ARG,151,O,0.36077383160591125
2304,ARG,151,CB,0.6728614568710327
2305,ARG,151,CG,0.5310496091842651
2306,ARG,151,CD,0.3984127342700958
2307,ARG,151,NE,0.44595587253570557
2308,ARG,151,CZ,0.5649092197418213
2309,ARG,151,NH1,0.25834921002388
2310,ARG,151,NH2,0.25336167216300964
2324,LEU,152,N,0.7001606822013855
2325,LEU,152,CA,0.8804880380630493
2326,LEU,152,C,0.8246324062347412
2327,LEU,152,O,0.36019590497016907
2328,LEU,152,CB,0.6644777059555054
2329,LEU,152,CG,0.72282874584198
2330,LEU,152,CD1,0.24944913387298584
2331,LEU,152,CD2,0.199855238199234
2343,TYR,153,N,0.6996643543243408
2344,TYR,153,CA,0.8798596858978271
2345,TYR,153,C,0.823662281036377
2346,TYR,153,O,0.360138863325119
2347,TYR,153,CB,0.6352025270462036
2348,TYR,153,CG,0.7446354627609253
2349,TYR,153,CD1,0.5337573885917664
2350,TYR,153,CD2,0.2790067195892334
2351,TYR,153,CE1,0.5460212826728821
2352,TYR,153,CE2,0.2647068500518799
2353,TYR,153,CZ,0.4600849747657776
2354,TYR,153,OH,0.12151151895523071
2364,HIS,154,N,0.6988229751586914
2365,HIS,154,CA,0.8648790121078491
2366,HIS,154,C,0.8223789930343628
2367,HIS,154,O,0.35970228910446167
2368,HIS,154,CB,0.6878571510314941
2369,HIS,154,CG,0.9227546453475952
2374,HIS,154,ND1,0.7103317975997925
2375,HIS,154,CD2,0.5409234166145325
2376,HIS,154,CE1,0.8007328510284424
2377,HIS,154,NE2,0.5840898752212524
2381,GLU,155,N,0.6975877285003662
2382,GLU,155,CA,0.87999027967453
2383,GLU,155,C,0.8210777044296265
2384,GLU,155,O,0.3599787950515747
2385,GLU,155,CB,0.7293276786804199
2386,GLU,155,CG,0.5400368571281433
2387,GLU,155,CD,0.8128398656845093
2388,GLU,155,OE2,0.22812782227993011
2389,GLU,155,OE1,0.22280696034431458
2397,ASN,156,N,0.7002286314964294
2398,ASN,156,CA,0.8788613080978394
2399,ASN,156,C,0.8252607583999634
2400,ASN,156,O,0.35959145426750183
2401,ASN,156,CB,0.8071631193161011
2402,ASN,156,CG,1.0798618793487549
2407,ASN,156,OD1,0.43982571363449097
2408,ASN,156,ND2,0.22213470935821533
2411,THR,157,N,0.702733039855957
2412,THR,157,CA,0.8880008459091187
2413,THR,157,C,0.8257317543029785
2414,THR,157,O,0.3596706986427307
2415,THR,157,CB,1.0078306198120117
2416,THR,157,OG1,0.44655779004096985
2417,THR,157,CG2,0.37995314598083496
2425,GLY,158,N,0.7097113132476807
2426,GLY,158,CA,0.6176786422729492
2427,GLY,158,C,0.8222000002861023
2428,GLY,158,O,0.3592805862426758
2432,SER,159,N,0.7004978656768799
2433,SER,159,CA,0.8697296977043152
2434,SER,159,C,0.8246681690216064
2435,SER,159,O,0.3600274324417114
2436,SER,159,CB,0.48290538787841797
2437,SER,159,OG,0.17482511699199677
2443,TRP,160,N,0.6999528408050537
2444,TRP,160,CA,0.8804851770401001
2445,TRP,160,C,0.8246224522590637
2446,TRP,160,O,0.3601514399051666
2447,TRP,160,CB,0.6318147778511047
2448,TRP,160,CG,0.7460156679153442
2449,TRP,160,CD1,0.4644484221935272
2450,TRP,160,CD2,0.3500502109527588
2451,TRP,160,NE1,0.3452359437942505
2452,TRP,160,CE2,0.43086981773376465
2453,TRP,160,CE3,0.26300936937332153
2454,TRP,160,CZ2,0.3356204926967621
2455,TRP,160,CZ3,0.27336710691452026
2456,TRP,160,CH2,0.33840546011924744
2467,PHE,161,N,0.6995794177055359
2468,PHE,161,CA,0.8788763284683228
2469,PHE,161,C,0.8240576982498169
2470,PHE,161,O,0.3600725829601288
2471,PHE,161,CB,0.6352128982543945
2472,PHE,161,CG,0.7447052001953125
2473,PHE,161,CD1,0.5242739915847778
2474,PHE,161,CD2,0.27411556243896484
2475,PHE,161,CE1,0.5271821022033691
2476,PHE,161,CE2,0.252020001411438
2477,PHE,161,CZ,0.3695583939552307
2487,TRP,162,N,0.6998571157455444
2488,TRP,162,CA,0.8805273771286011
2489,TRP,162,C,0.8245580196380615
2490,TRP,162,O,0.36015447974205017
2491,TRP,162,CB,0.6316798329353333
2492,TRP,162,CG,0.7461754083633423
2493,TRP,162,CD1,0.46421074867248535
2494,TRP,162,CD2,0.3500119149684906
2495,TRP,162,NE1,0.34512972831726074
2496,TRP,162,CE2,0.4308720827102661
2497,TRP,162,CE3,0.2630484104156494
2498,TRP,162,CZ2,0.3356299102306366
2499,TRP,162,CZ3,0.27336210012435913
2500,TRP,162,CH2,0.33837056159973145
2511,TRP,163,N,0.6998811960220337
2512,TRP,163,CA,0.8805700540542603
2513,TRP,163,C,0.8244848847389221
2514,TRP,163,O,0.36020851135253906
2515,TRP,163,CB,0.6317183971405029
2516,TRP,163,CG,0.7460777759552002
2517,TRP,163,CD1,0.4642774164676666
2518,TRP,163,CD2,0.35002970695495605
2519,TRP,163,NE1,0.3451481759548187
2520,TRP,163,CE2,0.43084266781806946
2521,TRP,163,CE3,0.2629489302635193
2522,TRP,163,CZ2,0.3355841636657715
2523,TRP,163,CZ3,0.2734088897705078
2524,TRP,163,CH2,0.33846187591552734
2535,GLY,164,N,0.7101062536239624
2536,GLY,164,CA,0.6177089214324951
2537,GLY,164,C,0.8194885849952698
2538,GLY,164,O,0.3591451048851013
2542,ASP,165,N,0.7012267112731934
2543,ASP,165,CA,0.8986243009567261
2544,ASP,165,C,0.826080858707428
2545,ASP,165,O,0.35966238379478455
2546,ASP,165,CB,0.7933552265167236
2547,ASP,165,CG,1.4138972759246826
2548,ASP,165,OD1,0.4397874176502228
2549,ASP,165,OD2,0.3491596579551697
2554,LYS,166,N,0.7018357515335083
2555,LYS,166,CA,0.896140992641449
2556,LYS,166,C,0.8282623887062073
2557,LYS,166,O,0.3607333302497864
2558,LYS,166,CB,0.6722593307495117
2559,LYS,166,CG,0.49449193477630615
2560,LYS,166,CD,0.38335564732551575
2561,LYS,166,CE,0.3719697594642639
2562,LYS,166,NZ,0.17569686472415924
2576,GLN,167,N,0.7006851434707642
2577,GLN,167,CA,0.8831977844238281
2578,GLN,167,C,0.8250759840011597
2579,GLN,167,O,0.36019402742385864
2580,GLN,167,CB,0.6594325304031372
2581,GLN,167,CG,0.5179442167282104
2582,GLN,167,CD,0.5893914699554443
2589,GLN,167,OE1,0.19514161348342896
2590,GLN,167,NE2,0.241855651140213
2593,SER,168,N,0.7013293504714966
2594,SER,168,CA,0.8694419860839844
2595,SER,168,C,0.8244185447692871
2596,SER,168,O,0.36008182168006897
2597,SER,168,CB,0.482795774936676
2598,SER,168,OG,0.17471250891685486
2604,THR,169,N,0.703012228012085
2605,THR,169,CA,0.8886014223098755
2606,THR,169,C,0.8397929668426514
2607,THR,169,O,0.36048516631126404
2608,THR,169,CB,1.007677435874939
2609,THR,169,OG1,0.4465081989765167
2610,THR,169,CG2,0.37999215722084045
2618,PRO,170,N,0.976862907409668
2619,PRO,170,CA,0.9016791582107544
2620,PRO,170,C,0.8249993324279785
2621,PRO,170,O,0.35983654856681824
2622,PRO,170,CB,0.674807071685791
2623,PRO,170,CG,0.5014673471450806
2624,PRO,170,CD,0.5760856866836548
2632,GLU,171,N,0.7016705870628357
2633,GLU,171,CA,0.8815302848815918
2634,GLU,171,C,0.8245346546173096
2635,GLU,171,O,0.36006346344947815
2636,GLU,171,CB,0.6571651697158813
2637,GLU,171,CG,0.5274827480316162
2638,GLU,171,CD,0.6480007171630859
2639,GLU,171,OE1,0.1829189956188202
2640,GLU,171,OE2,0.18127061426639557
2647,GLN,172,N,0.7002098560333252
2648,GLN,172,CA,0.8830794095993042
2649,GLN,172,C,0.8249955177307129
2650,GLN,172,O,0.36012500524520874
2651,GLN,172,CB,0.6591594815254211
2652,GLN,172,CG,0.5178598165512085
2653,GLN,172,CD,0.5894959568977356
2660,GLN,172,OE1,0.1951577067375183
2661,GLN,172,NE2,0.2418680191040039
2664,TYR,173,N,0.6995807886123657
2665,TYR,173,CA,0.879589319229126
2666,TYR,173,C,0.8258527517318726
2667,TYR,173,O,0.3602249026298523
2668,TYR,173,CB,0.6350842714309692
2669,TYR,173,CG,0.74460369348526
2670,TYR,173,CD1,0.53373122215271
2671,TYR,173,CD2,0.27898848056793213
2672,TYR,173,CE1,0.5460838079452515
2673,TYR,173,CE2,0.26473525166511536
2674,TYR,173,CZ,0.46009403467178345
2675,TYR,173,OH,0.12154504656791687
2685,LYS,174,N,0.7022993564605713
2686,LYS,174,CA,0.8962870240211487
2687,LYS,174,C,0.8282734751701355
2688,LYS,174,O,0.3606876730918884
2689,LYS,174,CB,0.6723610162734985
2690,LYS,174,CG,0.4945210814476013
2691,LYS,174,CD,0.38325023651123047
2692,LYS,174,CE,0.371902197599411
2693,LYS,174,NZ,0.175718292593956
2707,GLN,175,N,0.7007414102554321
2708,GLN,175,CA,0.8830384612083435
2709,GLN,175,C,0.8248938322067261
2710,GLN,175,O,0.36010465025901794
2711,GLN,175,CB,0.6591603755950928
2712,GLN,175,CG,0.5178936719894409
2713,GLN,175,CD,0.5895090103149414
2720,GLN,175,OE1,0.19517481327056885
2721,GLN,175,NE2,0.2418568730354309
2724,LEU,176,N,0.6997685432434082
2725,LEU,176,CA,0.8804727792739868
2726,LEU,176,C,0.8247132301330566
2727,LEU,176,O,0.36022794246673584
2728,LEU,176,CB,0.6645488142967224
2729,LEU,176,CG,0.7228431701660156
2730,LEU,176,CD1,0.24942967295646667
2731,LEU,176,CD2,0.199746236205101
2743,PHE,177,N,0.6995573043823242
2744,PHE,177,CA,0.8788357973098755
2745,PHE,177,C,0.8258490562438965
2746,PHE,177,O,0.3602412939071655
2747,PHE,177,CB,0.6350430250167847
2748,PHE,177,CG,0.7446446418762207
2749,PHE,177,CD1,0.5241860151290894
2750,PHE,177,CD2,0.27407529950141907
2751,PHE,177,CE1,0.5270912647247314
2752,PHE,177,CE2,0.252020001411438
2753,PHE,177,CZ,0.3695773482322693
2763,ARG,178,N,0.7026945352554321
2764,ARG,178,CA,0.8974790573120117
2765,ARG,178,C,0.8286275863647461
2766,ARG,178,O,0.36078348755836487
2767,ARG,178,CB,0.6728509664535522
2768,ARG,178,CG,0.5310418605804443
2769,ARG,178,CD,0.3984757959842682
2770,ARG,178,NE,0.44590234756469727
2771,ARG,178,CZ,0.5648661255836487
2772,ARG,178,NH1,0.2583533823490143
2773,ARG,178,NH2,0.2533695697784424
2787,TYR,179,N,0.6999993920326233
2788,TYR,179,CA,0.8796596527099609
2789,TYR,179,C,0.8241859674453735
2790,TYR,179,O,0.3600715100765228
2791,TYR,179,CB,0.6351339817047119
2792,TYR,179,CG,0.744537353515625
2793,TYR,179,CD1,0.5336518287658691
2794,TYR,179,CD2,0.27883321046829224
2795,TYR,179,CE1,0.5458827018737793
2796,TYR,179,CE2,0.26463931798934937
2797,TYR,179,CZ,0.460107684135437
2798,TYR,179,OH,0.12145816534757614
2808,SER,180,N,0.7013273239135742
2809,SER,180,CA,0.8694473505020142
2810,SER,180,C,0.8247367143630981
2811,SER,180,O,0.36005544662475586
2812,SER,180,CB,0.48278099298477173
2813,SER,180,OG,0.17473433911800385
2819,VAL,181,N,0.7036656141281128
2820,VAL,181,CA,0.8839594125747681
2821,VAL,181,C,0.8242332935333252
2822,VAL,181,O,0.3597535490989685
2823,VAL,181,CB,0.9004232883453369
2824,VAL,181,CG1,0.3622554540634155
2825,VAL,181,CG2,0.37332242727279663
2835,GLU,182,N,0.7016768455505371
2836,GLU,182,CA,0.8816066980361938
2837,GLU,182,C,0.8244386911392212
2838,GLU,182,O,0.3600786030292511
2839,GLU,182,CB,0.65718674659729
2840,GLU,182,CG,0.5274567008018494
2841,GLU,182,CD,0.6479763984680176
2842,GLU,182,OE1,0.18288472294807434
2843,GLU,182,OE2,0.18122580647468567
2850,TYR,183,N,0.699385941028595
2851,TYR,183,CA,0.8797476291656494
2852,TYR,183,C,0.8240901231765747
2853,TYR,183,O,0.36008673906326294
2854,TYR,183,CB,0.6352072954177856
2855,TYR,183,CG,0.7445821762084961
2856,TYR,183,CD1,0.533655047416687
2857,TYR,183,CD2,0.27892759442329407
2858,TYR,183,CE1,0.5458598136901855
2859,TYR,183,CE2,0.26462382078170776
2860,TYR,183,CZ,0.460114061832428
2861,TYR,183,OH,0.121462382376194
2871,LEU,184,N,0.6996056437492371
2872,LEU,184,CA,0.880436897277832
2873,LEU,184,C,0.8265082240104675
2874,LEU,184,O,0.36038848757743835
2875,LEU,184,CB,0.6644635796546936
2876,LEU,184,CG,0.7228318452835083
2877,LEU,184,CD1,0.24924851953983307
2878,LEU,184,CD2,0.19964301586151123
2890,ARG,185,N,0.7027994394302368
2891,ARG,185,CA,0.8976588249206543
2892,ARG,185,C,0.8259648084640503
2893,ARG,185,O,0.36057591438293457
2894,ARG,185,CB,0.6731317043304443
2895,ARG,185,CG,0.5311484336853027
2896,ARG,185,CD,0.398277223110199
2897,ARG,185,NE,0.44577425718307495
2898,ARG,185,CZ,0.5648806095123291
2899,ARG,185,NH1,0.25835347175598145
2900,ARG,185,NH2,0.253369003534317
2914,ASP,186,N,0.702622652053833
2915,ASP,186,CA,0.8985199928283691
2916,ASP,186,C,0.8242532014846802
2917,ASP,186,O,0.3595874011516571
2918,ASP,186,CB,0.793553352355957
2919,ASP,186,CG,1.4133946895599365
2920,ASP,186,OD1,0.4398064911365509
2921,ASP,186,OD2,0.3492773771286011
2926,VAL,187,N,0.7030123472213745
2927,VAL,187,CA,0.8839956521987915
2928,VAL,187,C,0.8279105424880981
2929,VAL,187,O,0.3601245582103729
2930,VAL,187,CB,0.9004467129707336
2931,VAL,187,CG1,0.36216747760772705
2932,VAL,187,CG2,0.37338942289352417
2942,LYS,188,N,0.7022998929023743
2943,LYS,188,CA,0.8964076042175293
2944,LYS,188,C,0.8282887935638428
2945,LYS,188,O,0.36079907417297363
2946,LYS,188,CB,0.6725069284439087
2947,LYS,188,CG,0.4946330189704895
2948,LYS,188,CD,0.38309624791145325
2949,LYS,188,CE,0.3718692362308502
2950,LYS,188,NZ,0.175713911652565
2964,GLY,189,N,0.710594892501831
2965,GLY,189,CA,0.6177924871444702
2966,GLY,189,C,0.8221632242202759
2967,GLY,189,O,0.35931411385536194
2971,VAL,190,N,0.7026880979537964
2972,VAL,190,CA,0.8840889930725098
2973,VAL,190,C,0.8277454376220703
2974,VAL,190,O,0.3601238429546356
2975,VAL,190,CB,0.9004191160202026
2976,VAL,190,CG1,0.3621971309185028
2977,VAL,190,CG2,0.37336236238479614
2987,ARG,191,N,0.7024613618850708
2988,ARG,191,CA,0.8978166580200195
2989,ARG,191,C,0.8271691203117371
2990,ARG,191,O,0.3606845736503601
2991,ARG,191,CB,0.6731249690055847
2992,ARG,191,CG,0.5311506390571594
2993,ARG,191,CD,0.3983193039894104
2994,ARG,191,NE,0.4458007216453552
2995,ARG,191,CZ,0.5648775696754456
2996,ARG,191,NH1,0.25833526253700256
2997,ARG,191,NH2,0.2533835172653198
3011,ASN,192,N,0.7007609009742737
3012,ASN,192,CA,0.8788764476776123
3013,ASN,192,C,0.825255274772644
3014,ASN,192,O,0.3594796657562256
3015,ASN,192,CB,0.8072068691253662
3016,ASN,192,CG,1.0798057317733765
3021,ASN,192,OD1,0.4398418068885803
3022,ASN,192,ND2,0.2221783697605133
3025,PHE,193,N,0.6989246606826782
3026,PHE,193,CA,0.8788501024246216
3027,PHE,193,C,0.8240699172019958
3028,PHE,193,O,0.36008816957473755
3029,PHE,193,CB,0.6351344585418701
3030,PHE,193,CG,0.7446250319480896
3031,PHE,193,CD1,0.52406907081604
3032,PHE,193,CD2,0.27398067712783813
3033,PHE,193,CE1,0.5272648930549622
3034,PHE,193,CE2,0.2520139515399933
3035,PHE,193,CZ,0.3695008158683777
3045,LEU,194,N,0.6996349692344666
3046,LEU,194,CA,0.880469560623169
3047,LEU,194,C,0.8245692253112793
3048,LEU,194,O,0.36023083329200745
3049,LEU,194,CB,0.6646392941474915
3050,LEU,194,CG,0.7228511571884155
3051,LEU,194,CD1,0.24943822622299194
3052,LEU,194,CD2,0.19975408911705017
3064,TYR,195,N,0.6995419263839722
3065,TYR,195,CA,0.8795756697654724
3066,TYR,195,C,0.823697566986084
3067,TYR,195,O,0.36009788513183594
3068,TYR,195,CB,0.635138988494873
3069,TYR,195,CG,0.744536817073822
3070,TYR,195,CD1,0.5336663722991943
3071,TYR,195,CD2,0.2789649963378906
3072,TYR,195,CE1,0.5459339618682861
3073,TYR,195,CE2,0.26465529203414917
3074,TYR,195,CZ,0.460093230009079
3075,TYR,195,OH,0.12150793522596359
3085,ALA,196,N,0.700161337852478
3086,ALA,196,CA,0.8691256046295166
3087,ALA,196,C,0.8245729207992554
3088,ALA,196,O,0.3597570061683655
3089,ALA,196,CB,0.38219162821769714
3095,TYR,197,N,0.6991561651229858
3096,TYR,197,CA,0.8797056674957275
3097,TYR,197,C,0.8241368532180786
3098,TYR,197,O,0.36014324426651
3099,TYR,197,CB,0.635174572467804
3100,TYR,197,CG,0.7445700764656067
3101,TYR,197,CD1,0.5336787700653076
3102,TYR,197,CD2,0.2789257764816284
3103,TYR,197,CE1,0.545898973941803
3104,TYR,197,CE2,0.26465243101119995
3105,TYR,197,CZ,0.4600885510444641
3106,TYR,197,OH,0.12151570618152618
3116,SER,198,N,0.7011023163795471
3117,SER,198,CA,0.8701962232589722
3118,SER,198,C,0.838634729385376
3119,SER,198,O,0.3608990013599396
3120,SER,198,CB,0.4825768768787384
3121,SER,198,OG,0.17479491233825684
3127,PRO,199,N,0.9771331548690796
3128,PRO,199,CA,0.9014034271240234
3129,PRO,199,C,0.825661301612854
3130,PRO,199,O,0.35994940996170044
3131,PRO,199,CB,0.6746370792388916
3132,PRO,199,CG,0.5013774633407593
3133,PRO,199,CD,0.5763019323348999
3141,ASN,200,N,0.7004512548446655
3142,ASN,200,CA,0.8787204027175903
3143,ASN,200,C,0.8238561153411865
3144,ASN,200,O,0.3594852685928345
3145,ASN,200,CB,0.8072811961174011
3146,ASN,200,CG,1.0794602632522583
3151,ASN,200,OD1,0.4398437440395355
3152,ASN,200,ND2,0.2223038375377655
3155,ASN,201,N,0.6998154520988464
3156,ASN,201,CA,0.8788095712661743
3157,ASN,201,C,0.825271487236023
3158,ASN,201,O,0.3595436215400696
3159,ASN,201,CB,0.807174563407898
3160,ASN,201,CG,1.079773187637329
3161,ASN,201,OD1,0.4398001432418823
3162,ASN,201,ND2,0.2221830189228058
3169,PHE,202,N,0.6988397240638733
3170,PHE,202,CA,0.8788607120513916
3171,PHE,202,C,0.8240455389022827
3172,PHE,202,O,0.36007341742515564
3173,PHE,202,CB,0.6351861953735352
3174,PHE,202,CG,0.7446662783622742
3175,PHE,202,CD1,0.5242162942886353
3176,PHE,202,CD2,0.27406778931617737
3177,PHE,202,CE1,0.5271521806716919
3178,PHE,202,CE2,0.25202274322509766
3179,PHE,202,CZ,0.369586706161499
3189,TRP,203,N,0.699852705001831
3190,TRP,203,CA,0.8804430961608887
3191,TRP,203,C,0.8216838836669922
3192,TRP,203,O,0.35990750789642334
3193,TRP,203,CB,0.6316608190536499
3194,TRP,203,CG,0.7462531328201294
3195,TRP,203,CD1,0.46427828073501587
3196,TRP,203,CD2,0.35009628534317017
3197,TRP,203,NE1,0.3451858460903168
3198,TRP,203,CE2,0.43089166283607483
3199,TRP,203,CE3,0.26308172941207886
3200,TRP,203,CZ2,0.3356902003288269
3201,TRP,203,CZ3,0.2734569013118744
3202,TRP,203,CH2,0.3384881913661957
3213,ASP,204,N,0.7021095752716064
3214,ASP,204,CA,0.8984772562980652
3215,ASP,204,C,0.8244969844818115
3216,ASP,204,O,0.3595868647098541
3217,ASP,204,CB,0.7932076454162598
3218,ASP,204,CG,1.4139492511749268
3219,ASP,204,OD1,0.43979117274284363
3220,ASP,204,OD2,0.3492668867111206
3225,VAL,205,N,0.7031031847000122
3226,VAL,205,CA,0.8839913606643677
3227,VAL,205,C,0.8260002136230469
3228,VAL,205,O,0.3600548803806305
3229,VAL,205,CB,0.9004580974578857
3230,VAL,205,CG1,0.3621601164340973
3231,VAL,205,CG2,0.3733798861503601
3241,THR,206,N,0.7030757069587708
3242,THR,206,CA,0.8879233598709106
3243,THR,206,C,0.8237894773483276
3244,THR,206,O,0.35946065187454224
3245,THR,206,CB,1.0077916383743286
3246,THR,206,OG1,0.44647082686424255
3247,THR,206,CG2,0.3799254894256592
3255,GLU,207,N,0.7012977600097656
3256,GLU,207,CA,0.88157719373703
3257,GLU,207,C,0.8241069912910461
3258,GLU,207,O,0.36003178358078003
3259,GLU,207,CB,0.6571803689002991
3260,GLU,207,CG,0.5274484753608704
3261,GLU,207,CD,0.6480432748794556
3262,GLU,207,OE1,0.18290361762046814
3263,GLU,207,OE2,0.181280717253685
3270,ALA,208,N,0.7001903653144836
3271,ALA,208,CA,0.8691120147705078
3272,ALA,208,C,0.8232321739196777
3273,ALA,208,O,0.3596106469631195
3274,ALA,208,CB,0.38218069076538086
3280,ASN,209,N,0.7001484632492065
3281,ASN,209,CA,0.878807783126831
3282,ASN,209,C,0.8253387212753296
3283,ASN,209,O,0.35950592160224915
3284,ASN,209,CB,0.8071562647819519
3285,ASN,209,CG,1.0799190998077393
3290,ASN,209,OD1,0.4398122727870941
3291,ASN,209,ND2,0.22214369475841522
3294,TYR,210,N,0.6990976333618164
3295,TYR,210,CA,0.8796444535255432
3296,TYR,210,C,0.8241541385650635
3297,TYR,210,O,0.3601106107234955
3298,TYR,210,CB,0.6351124048233032
3299,TYR,210,CG,0.744574785232544
3300,TYR,210,CD1,0.5336427688598633
3301,TYR,210,CD2,0.2789464294910431
3302,TYR,210,CE1,0.5459666848182678
3303,TYR,210,CE2,0.26466310024261475
3304,TYR,210,CZ,0.46010324358940125
3305,TYR,210,OH,0.12151823192834854
3315,LEU,211,N,0.6996749043464661
3316,LEU,211,CA,0.8804935812950134
3317,LEU,211,C,0.8227038383483887
3318,LEU,211,O,0.3600098788738251
3319,LEU,211,CB,0.6646194458007812
3320,LEU,211,CG,0.7228308320045471
3321,LEU,211,CD1,0.24932286143302917
3322,LEU,211,CD2,0.19969069957733154
3334,GLU,212,N,0.701815128326416
3335,GLU,212,CA,0.8814774751663208
3336,GLU,212,C,0.8262909650802612
3337,GLU,212,O,0.3602456748485565
3338,GLU,212,CB,0.6571087837219238
3339,GLU,212,CG,0.5275580883026123
3340,GLU,212,CD,0.6481524705886841
3341,GLU,212,OE1,0.18302562832832336
3342,GLU,212,OE2,0.1814182698726654
3349,ARG,213,N,0.7026269435882568
3350,ARG,213,CA,0.8977144360542297
3351,ARG,213,C,0.8287776112556458
3352,ARG,213,O,0.360710084438324
3353,ARG,213,CB,0.6732332706451416
3354,ARG,213,CG,0.531294047832489
3355,ARG,213,CD,0.39828798174858093
3356,ARG,213,NE,0.4459381401538849
3357,ARG,213,CZ,0.5649024248123169
3358,ARG,213,NH1,0.2583591341972351
3359,ARG,213,NH2,0.2533606290817261
3373,TYR,214,N,0.7000142931938171
3374,TYR,214,CA,0.8799638748168945
3375,TYR,214,C,0.83807772397995
3376,TYR,214,O,0.36093202233314514
3377,TYR,214,CB,0.6347742676734924
3378,TYR,214,CG,0.744581401348114
3379,TYR,214,CD1,0.5337420701980591
3380,TYR,214,CD2,0.27894318103790283
3381,TYR,214,CE1,0.5461085438728333
3382,TYR,214,CE2,0.26477572321891785
3383,TYR,214,CZ,0.46004778146743774
3384,TYR,214,OH,0.12157536298036575
3394,PRO,215,N,0.977173924446106
3395,PRO,215,CA,0.9016777276992798
3396,PRO,215,C,0.8268409967422485
3397,PRO,215,O,0.360076904296875
3398,PRO,215,CB,0.6746950149536133
3399,PRO,215,CG,0.5013846755027771
3400,PRO,215,CD,0.57626873254776
3408,GLY,216,N,0.7100918292999268
3409,GLY,216,CA,0.6176744699478149
3410,GLY,216,C,0.8193912506103516
3411,GLY,216,O,0.35906586050987244
3415,ASP,217,N,0.7013735175132751
3416,ASP,217,CA,0.8985589742660522
3417,ASP,217,C,0.8222078084945679
3418,ASP,217,O,0.3592912256717682
3419,ASP,217,CB,0.7932891845703125
3420,ASP,217,CG,1.4137144088745117
3421,ASP,217,OD1,0.4397500157356262
3422,ASP,217,OD2,0.34923797845840454
3427,GLU,218,N,0.7011532783508301
3428,GLU,218,CA,0.8815810680389404
3429,GLU,218,C,0.8246819376945496
3430,GLU,218,O,0.36006614565849304
3431,GLU,218,CB,0.6570717096328735
3432,GLU,218,CG,0.5274431705474854
3433,GLU,218,CD,0.6480626463890076
3434,GLU,218,OE1,0.18292945623397827
3435,GLU,218,OE2,0.18128427863121033
3442,TRP,219,N,0.6999250650405884
3443,TRP,219,CA,0.8805042505264282
3444,TRP,219,C,0.8244800567626953
3445,TRP,219,O,0.36018431186676025
3446,TRP,219,CB,0.6317998170852661
3447,TRP,219,CG,0.7461686134338379
3448,TRP,219,CD1,0.46430957317352295
3449,TRP,219,CD2,0.3500482141971588
3450,TRP,219,NE1,0.3451650142669678
3451,TRP,219,CE2,0.4308784604072571
3452,TRP,219,CE3,0.2630385160446167
3453,TRP,219,CZ2,0.33563315868377686
3454,TRP,219,CZ3,0.27342718839645386
3455,TRP,219,CH2,0.33844971656799316
3466,VAL,220,N,0.7035471796989441
3467,VAL,220,CA,0.8838951587677002
3468,VAL,220,C,0.8232556581497192
3469,VAL,220,O,0.3597581386566162
3470,VAL,220,CB,0.90044766664505
3471,VAL,220,CG1,0.36214083433151245
3472,VAL,220,CG2,0.3733614683151245
3482,ASP,221,N,0.7020210027694702
3483,ASP,221,CA,0.8985802531242371
3484,ASP,221,C,0.8243544101715088
3485,ASP,221,O,0.359578400850296
3486,ASP,221,CB,0.793048620223999
3487,ASP,221,CG,1.4138818979263306
3488,ASP,221,OD1,0.43974441289901733
3489,ASP,221,OD2,0.349322110414505
3494,VAL,222,N,0.7030033469200134
3495,VAL,222,CA,0.8839038610458374
3496,VAL,222,C,0.8261661529541016
3497,VAL,222,O,0.35998472571372986
3498,VAL,222,CB,0.9004611968994141
3499,VAL,222,CG1,0.3621334433555603
3500,VAL,222,CG2,0.37340524792671204
3510,LEU,223,N,0.6995707750320435
3511,LEU,223,CA,0.880603551864624
3512,LEU,223,C,0.8245877027511597
3513,LEU,223,O,0.36027100682258606
3514,LEU,223,CB,0.6647821068763733
3515,LEU,223,CG,0.7228624820709229
3516,LEU,223,CD1,0.24948127567768097
3517,LEU,223,CD2,0.199726864695549
3529,GLY,224,N,0.7102494835853577
3530,GLY,224,CA,0.6176632046699524
3531,GLY,224,C,0.8218324184417725
3532,GLY,224,O,0.3592844009399414
3536,PHE,225,N,0.698495090007782
3537,PHE,225,CA,0.8790192604064941
3538,PHE,225,C,0.8213291168212891
3539,PHE,225,O,0.35990771651268005
3540,PHE,225,CB,0.6352947950363159
3541,PHE,225,CG,0.7446502447128296
3542,PHE,225,CD1,0.524203896522522
3543,PHE,225,CD2,0.27408525347709656
3544,PHE,225,CE1,0.5271097421646118
3545,PHE,225,CE2,0.25202950835227966
3546,PHE,225,CZ,0.36958763003349304
3556,ASP,226,N,0.702118456363678
3557,ASP,226,CA,0.8983966112136841
3558,ASP,226,C,0.8242437839508057
3559,ASP,226,O,0.3596188724040985
3560,ASP,226,CB,0.7934397459030151
3561,ASP,226,CG,1.4135324954986572
3562,ASP,226,OD1,0.4397504925727844
3563,ASP,226,OD2,0.34925511479377747
3568,THR,227,N,0.702751874923706
3569,THR,227,CA,0.8877994418144226
3570,THR,227,C,0.8256279230117798
3571,THR,227,O,0.3596394956111908
3572,THR,227,CB,1.0078403949737549
3573,THR,227,OG1,0.44653236865997314
3574,THR,227,CG2,0.379955917596817
3582,TYR,228,N,0.6990845203399658
3583,TYR,228,CA,0.8794844150543213
3584,TYR,228,C,0.8241057395935059
3585,TYR,228,O,0.36013364791870117
3586,TYR,228,CB,0.6351315975189209
3587,TYR,228,CG,0.744513988494873
3588,TYR,228,CD1,0.5336664915084839
3589,TYR,228,CD2,0.27897578477859497
3590,TYR,228,CE1,0.5459896326065063
3591,TYR,228,CE2,0.2646836042404175
3592,TYR,228,CZ,0.46008655428886414
3593,TYR,228,OH,0.12151870131492615
3603,GLY,229,N,0.7099876403808594
3604,GLY,229,CA,0.6194325685501099
3605,GLY,229,C,0.835892915725708
3606,GLY,229,O,0.3602784276008606
3610,PRO,230,N,0.9764516353607178
3611,PRO,230,CA,0.9015533924102783
3612,PRO,230,C,0.827124297618866
3613,PRO,230,O,0.36005568504333496
3614,PRO,230,CB,0.6747771501541138
3615,PRO,230,CG,0.5015633702278137
3616,PRO,230,CD,0.5762693285942078
3624,VAL,231,N,0.7036448121070862
3625,VAL,231,CA,0.8839595317840576
3626,VAL,231,C,0.8257057666778564
3627,VAL,231,O,0.3599524199962616
3628,VAL,231,CB,0.9003682136535645
3629,VAL,231,CG1,0.36223796010017395
3630,VAL,231,CG2,0.37326234579086304
3640,ALA,232,N,0.7000840902328491
3641,ALA,232,CA,0.869234561920166
3642,ALA,232,C,0.8216457366943359
3643,ALA,232,O,0.3595006465911865
3644,ALA,232,CB,0.3822176158428192
3650,ASP,233,N,0.7017403841018677
3651,ASP,233,CA,0.8984589576721191
3652,ASP,233,C,0.8228552937507629
3653,ASP,233,O,0.35940396785736084
3654,ASP,233,CB,0.7933098673820496
3655,ASP,233,CG,1.413613200187683
3656,ASP,233,OD1,0.4398095905780792
3657,ASP,233,OD2,0.34946924448013306
3662,ASN,234,N,0.6998931765556335
3663,ASN,234,CA,0.8788281679153442
3664,ASN,234,C,0.8249055743217468
3665,ASN,234,O,0.35954076051712036
3666,ASN,234,CB,0.8071343898773193
3667,ASN,234,CG,1.0799994468688965
3672,ASN,234,OD1,0.43981531262397766
3673,ASN,234,ND2,0.22212257981300354
3676,ALA,235,N,0.6997277736663818
3677,ALA,235,CA,0.8693020939826965
3678,ALA,235,C,0.8217216730117798
3679,ALA,235,O,0.3595326840877533
3680,ALA,235,CB,0.38218891620635986
3686,ASP,236,N,0.701758623123169
3687,ASP,236,CA,0.8984246850013733
3688,ASP,236,C,0.8242872953414917
3689,ASP,236,O,0.3595355451107025
3690,ASP,236,CB,0.7934775352478027
3691,ASP,236,CG,1.4136782884597778
3692,ASP,236,OD1,0.4397939443588257
3693,ASP,236,OD2,0.34917184710502625
3698,TRP,237,N,0.6993308067321777
3699,TRP,237,CA,0.8802970051765442
3700,TRP,237,C,0.824586033821106
3701,TRP,237,O,0.36008331179618835
3702,TRP,237,CB,0.6317057609558105
3703,TRP,237,CG,0.7460845708847046
3704,TRP,237,CD1,0.464345246553421
3705,TRP,237,CD2,0.3500588834285736
3706,TRP,237,NE1,0.3451410233974457
3707,TRP,237,CE2,0.4308846890926361
3708,TRP,237,CE3,0.26303428411483765
3709,TRP,237,CZ2,0.335598349571228
3710,TRP,237,CZ3,0.27345356345176697
3711,TRP,237,CH2,0.33846378326416016
3722,PHE,238,N,0.6995875835418701
3723,PHE,238,CA,0.8788917064666748
3724,PHE,238,C,0.8258392214775085
3725,PHE,238,O,0.36022433638572693
3726,PHE,238,CB,0.6349571347236633
3727,PHE,238,CG,0.744629979133606
3728,PHE,238,CD1,0.524252712726593
3729,PHE,238,CD2,0.27410006523132324
3730,PHE,238,CE1,0.5271031260490417
3731,PHE,238,CE2,0.25200825929641724
3732,PHE,238,CZ,0.36954617500305176
3742,ARG,239,N,0.7027404308319092
3743,ARG,239,CA,0.8975868821144104
3744,ARG,239,C,0.8271151781082153
3745,ARG,239,O,0.36070290207862854
3746,ARG,239,CB,0.6730115413665771
3747,ARG,239,CG,0.5311878323554993
3748,ARG,239,CD,0.398327499628067
3749,ARG,239,NE,0.4460102319717407
3750,ARG,239,CZ,0.5649155378341675
3751,ARG,239,NH1,0.2583448886871338
3752,ARG,239,NH2,0.25336727499961853
3766,ASN,240,N,0.7007765769958496
3767,ASN,240,CA,0.8788694739341736
3768,ASN,240,C,0.8254824876785278
3769,ASN,240,O,0.3595585525035858
3770,ASN,240,CB,0.8071865439414978
3771,ASN,240,CG,1.079698920249939
3776,ASN,240,OD1,0.4398191571235657
3777,ASN,240,ND2,0.22220024466514587
3780,VAL,241,N,0.7031763195991516
3781,VAL,241,CA,0.8839969635009766
3782,VAL,241,C,0.8261591792106628
3783,VAL,241,O,0.3599865436553955
3784,VAL,241,CB,0.9004400968551636
3785,VAL,241,CG1,0.36225226521492004
3786,VAL,241,CG2,0.37332525849342346
3796,VAL,242,N,0.7034819722175598
3797,VAL,242,CA,0.8840113878250122
3798,VAL,242,C,0.8257346153259277
3799,VAL,242,O,0.3599312901496887
3800,VAL,242,CB,0.9004726409912109
3801,VAL,242,CG1,0.3622238337993622
3802,VAL,242,CG2,0.373394250869751
3812,ALA,243,N,0.7001133561134338
3813,ALA,243,CA,0.8692336678504944
3814,ALA,243,C,0.8232570886611938
3815,ALA,243,O,0.35963866114616394
3816,ALA,243,CB,0.38219717144966125
3822,ASN,244,N,0.7001460790634155
3823,ASN,244,CA,0.8788637518882751
3824,ASN,244,C,0.8248310685157776
3825,ASN,244,O,0.35951313376426697
3826,ASN,244,CB,0.8072285056114197
3827,ASN,244,CG,1.0798776149749756
3832,ASN,244,OD1,0.4398616850376129
3833,ASN,244,ND2,0.2221573293209076
3836,ALA,245,N,0.6996941566467285
3837,ALA,245,CA,0.869269847869873
3838,ALA,245,C,0.824115514755249
3839,ALA,245,O,0.3597087264060974
3840,ALA,245,CB,0.3821955919265747
3846,ALA,246,N,0.6998471021652222
3847,ALA,246,CA,0.8691920042037964
3848,ALA,246,C,0.8246204853057861
3849,ALA,246,O,0.3597358167171478
3850,ALA,246,CB,0.38217684626579285
3856,LEU,247,N,0.6993787884712219
3857,LEU,247,CA,0.8806188702583313
3858,LEU,247,C,0.8246984481811523
3859,LEU,247,O,0.3602577745914459
3860,LEU,247,CB,0.6647670269012451
3861,LEU,247,CG,0.7228924632072449
3862,LEU,247,CD1,0.24940194189548492
3863,LEU,247,CD2,0.19966131448745728
3875,VAL,248,N,0.7036682367324829
3876,VAL,248,CA,0.8839489221572876
3877,VAL,248,C,0.8256717920303345
3878,VAL,248,O,0.35995858907699585
3879,VAL,248,CB,0.9004497528076172
3880,VAL,248,CG1,0.3621824085712433
3881,VAL,248,CG2,0.37336841225624084
3891,ALA,249,N,0.7000442743301392
3892,ALA,249,CA,0.8692081570625305
3893,ALA,249,C,0.8263417482376099
3894,ALA,249,O,0.35989099740982056
3895,ALA,249,CB,0.3821404278278351
3901,ARG,250,N,0.7023288011550903
3902,ARG,250,CA,0.897563636302948
3903,ARG,250,C,0.82878577709198
3904,ARG,250,O,0.3607826232910156
3905,ARG,250,CB,0.6729199886322021
3906,ARG,250,CG,0.5310618877410889
3907,ARG,250,CD,0.398445725440979
3908,ARG,250,NE,0.445842444896698
3909,ARG,250,CZ,0.5648772716522217
3910,ARG,250,NH1,0.2583472430706024
3911,ARG,250,NH2,0.2533787190914154
3925,MET,251,N,0.7004536986351013
3926,MET,251,CA,0.8849920630455017
3927,MET,251,C,0.824150562286377
3928,MET,251,O,0.36016756296157837
3929,MET,251,CB,0.6951515674591064
3930,MET,251,CG,0.6235498189926147
3931,MET,251,SD,0.533589243888855
3932,MET,251,CE,0.2661789655685425
3942,ALA,252,N,0.7002571225166321
3943,ALA,252,CA,0.869109034538269
3944,ALA,252,C,0.8225714564323425
3945,ALA,252,O,0.3595273792743683
3946,ALA,252,CB,0.3821890950202942
3952,GLU,253,N,0.7013535499572754
3953,GLU,253,CA,0.8816883563995361
3954,GLU,253,C,0.8241657018661499
3955,GLU,253,O,0.3600480258464813
3956,GLU,253,CB,0.657356321811676
3957,GLU,253,CG,0.5275307297706604
3958,GLU,253,CD,0.6480006575584412
3959,GLU,253,OE1,0.1829279512166977
3960,GLU,253,OE2,0.18127092719078064
3967,ALA,254,N,0.7002114057540894
3968,ALA,254,CA,0.869246244430542
3969,ALA,254,C,0.8262745141983032
3970,ALA,254,O,0.35989007353782654
3971,ALA,254,CB,0.3821379542350769
3977,ARG,255,N,0.7022964358329773
3978,ARG,255,CA,0.8977731466293335
3979,ARG,255,C,0.8288099765777588
3980,ARG,255,O,0.3607974648475647
3981,ARG,255,CB,0.673210859298706
3982,ARG,255,CG,0.5312403440475464
3983,ARG,255,CD,0.39829665422439575
3984,ARG,255,NE,0.44593119621276855
3985,ARG,255,CZ,0.5649175047874451
3986,ARG,255,NH1,0.2583450376987457
3987,ARG,255,NH2,0.2533701956272125
4001,GLY,256,N,0.7106579542160034
4002,GLY,256,CA,0.6177693605422974
4003,GLY,256,C,0.8237527012825012
4004,GLY,256,O,0.3594014644622803
4008,LYS,257,N,0.7013742327690125
4009,LYS,257,CA,0.8968637585639954
4010,LYS,257,C,0.8282915353775024
4011,LYS,257,O,0.3607219159603119
4012,LYS,257,CB,0.672838568687439
4013,LYS,257,CG,0.49468666315078735
4014,LYS,257,CD,0.3831905126571655
4015,LYS,257,CE,0.37196967005729675
4016,LYS,257,NZ,0.17571929097175598
4030,ILE,258,N,0.7029411792755127
4031,ILE,258,CA,0.8781933784484863
4032,ILE,258,C,0.8393195867538452
4033,ILE,258,O,0.3607688248157501
4034,ILE,258,CB,0.9193946123123169
4035,ILE,258,CG1,0.7485162019729614
4036,ILE,258,CG2,0.37425360083580017
4037,ILE,258,CD1,0.51609867811203
4049,PRO,259,N,0.977055013179779
4050,PRO,259,CA,0.9013503193855286
4051,PRO,259,C,0.8271206617355347
4052,PRO,259,O,0.3600807785987854
4053,PRO,259,CB,0.6744973659515381
4054,PRO,259,CG,0.501486599445343
4055,PRO,259,CD,0.5761716365814209
4063,VAL,260,N,0.7035988569259644
4064,VAL,260,CA,0.8840618133544922
4065,VAL,260,C,0.8261266946792603
4066,VAL,260,O,0.35997873544692993
4067,VAL,260,CB,0.9004693627357483
4068,VAL,260,CG1,0.362202912569046
4069,VAL,260,CG2,0.373394250869751
4079,ILE,261,N,0.7025005221366882
4080,ILE,261,CA,0.877547025680542
4081,ILE,261,C,0.8255409002304077
4082,ILE,261,O,0.3600021004676819
4083,ILE,261,CB,0.9196957945823669
4084,ILE,261,CG1,0.7494006156921387
4085,ILE,261,CG2,0.3742663860321045
4086,ILE,261,CD1,0.5164934396743774
4098,SER,262,N,0.7011886835098267
4099,SER,262,CA,0.8693357706069946
4100,SER,262,C,0.8226019740104675
4101,SER,262,O,0.359829843044281
4102,SER,262,CB,0.48283475637435913
4103,SER,262,OG,0.1748265027999878
4109,GLU,263,N,0.7016875743865967
4110,GLU,263,CA,0.8815792202949524
4111,GLU,263,C,0.8245453834533691
4112,GLU,263,O,0.3601153492927551
4113,GLU,263,CB,0.6570402383804321
4114,GLU,263,CG,0.5273339152336121
4115,GLU,263,CD,0.6481724977493286
4116,GLU,263,OE1,0.18288633227348328
4117,GLU,263,OE2,0.18125972151756287
4124,ILE,264,N,0.702619194984436
4125,ILE,264,CA,0.877393364906311
4126,ILE,264,C,0.8255840539932251
4127,ILE,264,O,0.36001667380332947
4128,ILE,264,CB,0.9196711778640747
4129,ILE,264,CG1,0.7489513158798218
4130,ILE,264,CG2,0.37431904673576355
4131,ILE,264,CD1,0.5163254737854004
4143,GLY,265,N,0.7101114392280579
4144,GLY,265,CA,0.6176542043685913
4145,GLY,265,C,0.8220188617706299
4146,GLY,265,O,0.3593120574951172
4150,ILE,266,N,0.7016904354095459
4151,ILE,266,CA,0.8775987029075623
4152,ILE,266,C,0.8272736668586731
4153,ILE,266,O,0.3601377010345459
4154,ILE,266,CB,0.9197157621383667
4155,ILE,266,CG1,0.7494381666183472
4156,ILE,266,CG2,0.3742656111717224
4157,ILE,266,CD1,0.5164963006973267
4169,ARG,267,N,0.702487587928772
4170,ARG,267,CA,0.89759361743927
4171,ARG,267,C,0.8283360600471497
4172,ARG,267,O,0.36078864336013794
4173,ARG,267,CB,0.6730667352676392
4174,ARG,267,CG,0.5311921834945679
4175,ARG,267,CD,0.39838558435440063
4176,ARG,267,NE,0.44595766067504883
4177,ARG,267,CZ,0.5648710131645203
4178,ARG,267,NH1,0.25835108757019043
4179,ARG,267,NH2,0.2533721327781677
4193,ALA,268,N,0.7005594968795776
4194,ALA,268,CA,0.8699891567230225
4195,ALA,268,C,0.8385846614837646
4196,ALA,268,O,0.3605074882507324
4197,ALA,268,CB,0.3819725215435028
4203,PRO,269,N,0.976902961730957
4204,PRO,269,CA,0.901534914970398
4205,PRO,269,C,0.824192225933075
4206,PRO,269,O,0.35978734493255615
4207,PRO,269,CB,0.6747184991836548
4208,PRO,269,CG,0.501400351524353
4209,PRO,269,CD,0.5762222409248352
4217,ASP,270,N,0.7021530270576477
4218,ASP,270,CA,0.8985523581504822
4219,ASP,270,C,0.8243851661682129
4220,ASP,270,O,0.35953056812286377
4221,ASP,270,CB,0.793127179145813
4222,ASP,270,CG,1.4136643409729004
4223,ASP,270,OD1,0.43968406319618225
4224,ASP,270,OD2,0.3493773341178894
4229,ILE,271,N,0.7022596001625061
4230,ILE,271,CA,0.8775941133499146
4231,ILE,271,C,0.8235183358192444
4232,ILE,271,O,0.35979706048965454
4233,ILE,271,CB,0.9196670055389404
4234,ILE,271,CG1,0.7493704557418823
4235,ILE,271,CG2,0.37429746985435486
4236,ILE,271,CD1,0.5164647102355957
4248,GLU,272,N,0.7015664577484131
4249,GLU,272,CA,0.881611168384552
4250,GLU,272,C,0.8241409659385681
4251,GLU,272,O,0.3600417375564575
4252,GLU,272,CB,0.6571899652481079
4253,GLU,272,CG,0.5273948311805725
4254,GLU,272,CD,0.6479554176330566
4255,GLU,272,OE1,0.18281716108322144
4256,GLU,272,OE2,0.1811588555574417
4263,ALA,273,N,0.7001564502716064
4264,ALA,273,CA,0.8693273067474365
4265,ALA,273,C,0.8245627880096436
4266,ALA,273,O,0.3597679138183594
4267,ALA,273,CB,0.38216152787208557
4273,GLY,274,N,0.7097768783569336
4274,GLY,274,CA,0.6177007555961609
4275,GLY,274,C,0.8222153782844543
4276,GLY,274,O,0.3592519760131836
4280,LEU,275,N,0.6988869905471802
4281,LEU,275,CA,0.8806066513061523
4282,LEU,275,C,0.8246468901634216
4283,LEU,275,O,0.3601866364479065
4284,LEU,275,CB,0.6645255088806152
4285,LEU,275,CG,0.7228081226348877
4286,LEU,275,CD1,0.24943125247955322
4287,LEU,275,CD2,0.19977308809757233
4299,TYR,276,N,0.6995859146118164
4300,TYR,276,CA,0.8797942399978638
4301,TYR,276,C,0.8212215900421143
4302,TYR,276,O,0.35982996225357056
4303,TYR,276,CB,0.6352042555809021
4304,TYR,276,CG,0.7445997595787048
4305,TYR,276,CD1,0.5336255431175232
4306,TYR,276,CD2,0.2789433002471924
4307,TYR,276,CE1,0.5459733605384827
4308,TYR,276,CE2,0.26465916633605957
4309,TYR,276,CZ,0.46012750267982483
4310,TYR,276,OH,0.1215054839849472
4320,ASP,277,N,0.7020858526229858
4321,ASP,277,CA,0.8983806371688843
4322,ASP,277,C,0.8227776288986206
4323,ASP,277,O,0.3594110310077667
4324,ASP,277,CB,0.7931846380233765
4325,ASP,277,CG,1.4136682748794556
4326,ASP,277,OD1,0.43970638513565063
4327,ASP,277,OD2,0.3493500351905823
4332,ASN,278,N,0.6998870372772217
4333,ASN,278,CA,0.8788950443267822
4334,ASN,278,C,0.8253083229064941
4335,ASN,278,O,0.35956212878227234
4336,ASN,278,CB,0.8071452975273132
4337,ASN,278,CG,1.0799046754837036
4342,ASN,278,OD1,0.43983063101768494
4343,ASN,278,ND2,0.2221507877111435
4346,GLN,279,N,0.6996504068374634
4347,GLN,279,CA,0.8832325339317322
4348,GLN,279,C,0.8249967098236084
4349,GLN,279,O,0.3601095676422119
4350,GLN,279,CB,0.6593191623687744
4351,GLN,279,CG,0.5178988575935364
4352,GLN,279,CD,0.5895830392837524
4359,GLN,279,OE1,0.19519227743148804
4360,GLN,279,NE2,0.24186566472053528
4363,TRP,280,N,0.6998971700668335
4364,TRP,280,CA,0.8803921937942505
4365,TRP,280,C,0.824512243270874
4366,TRP,280,O,0.36015066504478455
4367,TRP,280,CB,0.6317065358161926
4368,TRP,280,CG,0.7463889122009277
4369,TRP,280,CD1,0.4643046259880066
4370,TRP,280,CD2,0.35001230239868164
4371,TRP,280,NE1,0.3451862335205078
4372,TRP,280,CE2,0.4308544993400574
4373,TRP,280,CE3,0.2631152272224426
4374,TRP,280,CZ2,0.33560147881507874
4375,TRP,280,CZ3,0.2734770178794861
4376,TRP,280,CH2,0.3384777307510376
4387,TYR,281,N,0.6995090246200562
4388,TYR,281,CA,0.8796312212944031
4389,TYR,281,C,0.8259083032608032
4390,TYR,281,O,0.3602466583251953
4391,TYR,281,CB,0.6351325511932373
4392,TYR,281,CG,0.7446444034576416
4393,TYR,281,CD1,0.533795952796936
4394,TYR,281,CD2,0.2790950536727905
4395,TYR,281,CE1,0.5461108684539795
4396,TYR,281,CE2,0.2647284269332886
4397,TYR,281,CZ,0.46012067794799805
4398,TYR,281,OH,0.12151741981506348
4408,ARG,282,N,0.7026576995849609
4409,ARG,282,CA,0.8974161148071289
4410,ARG,282,C,0.8304013609886169
4411,ARG,282,O,0.3609214723110199
4412,ARG,282,CB,0.6727490425109863
4413,ARG,282,CG,0.5310247540473938
4414,ARG,282,CD,0.39842888712882996
4415,ARG,282,NE,0.44579315185546875
4416,ARG,282,CZ,0.5648636817932129
4417,ARG,282,NH1,0.2583533525466919
4418,ARG,282,NH2,0.2533731460571289
4432,LYS,283,N,0.7028439044952393
4433,LYS,283,CA,0.8961990475654602
4434,LYS,283,C,0.8282564878463745
4435,LYS,283,O,0.36071261763572693
4436,LYS,283,CB,0.6723271608352661
4437,LYS,283,CG,0.4945536255836487
4438,LYS,283,CD,0.38319849967956543
4439,LYS,283,CE,0.3718363642692566
4440,LYS,283,NZ,0.17567025125026703
4454,LEU,284,N,0.7001253366470337
4455,LEU,284,CA,0.8805159330368042
4456,LEU,284,C,0.8247081637382507
4457,LEU,284,O,0.3602612614631653
4458,LEU,284,CB,0.6646302938461304
4459,LEU,284,CG,0.72285395860672
4460,LEU,284,CD1,0.24939961731433868
4461,LEU,284,CD2,0.19971591234207153
4473,ILE,285,N,0.702734112739563
4474,ILE,285,CA,0.8775513768196106
4475,ILE,285,C,0.82579106092453
4476,ILE,285,O,0.35995742678642273
4477,ILE,285,CB,0.919739305973053
4478,ILE,285,CG1,0.7492167949676514
4479,ILE,285,CG2,0.3743414282798767
4480,ILE,285,CD1,0.5164564251899719
4492,SER,286,N,0.7013833522796631
4493,SER,286,CA,0.8694056272506714
4494,SER,286,C,0.8246686458587646
4495,SER,286,O,0.36003515124320984
4496,SER,286,CB,0.48281675577163696
4497,SER,286,OG,0.17475569248199463
4503,GLY,287,N,0.710241436958313
4504,GLY,287,CA,0.6176936626434326
4505,GLY,287,C,0.8221176862716675
4506,GLY,287,O,0.35925057530403137
4510,LEU,288,N,0.6988332867622375
4511,LEU,288,CA,0.8806387186050415
4512,LEU,288,C,0.8262529373168945
4513,LEU,288,O,0.36033785343170166
4514,LEU,288,CB,0.6646118760108948
4515,LEU,288,CG,0.7228504419326782
4516,LEU,288,CD1,0.24934351444244385
4517,LEU,288,CD2,0.19970858097076416
4529,LYS,289,N,0.7023797035217285
4530,LYS,289,CA,0.8962752819061279
4531,LYS,289,C,0.827865481376648
4532,LYS,289,O,0.36071091890335083
4533,LYS,289,CB,0.672332227230072
4534,LYS,289,CG,0.49454402923583984
4535,LYS,289,CD,0.3831951320171356
4536,LYS,289,CE,0.3718527555465698
4537,LYS,289,NZ,0.17568370699882507
4551,ALA,290,N,0.700717568397522
4552,ALA,290,CA,0.8692044019699097
4553,ALA,290,C,0.8217313289642334
4554,ALA,290,O,0.35953235626220703
4555,ALA,290,CB,0.3821772634983063
4561,ASP,291,N,0.7016976475715637
4562,ASP,291,CA,0.899380087852478
4563,ASP,291,C,0.8385744094848633
4564,ASP,291,O,0.3603592813014984
4565,ASP,291,CB,0.7932904362678528
4566,ASP,291,CG,1.4136855602264404
4567,ASP,291,OD1,0.43985795974731445
4568,ASP,291,OD2,0.3492083251476288
4573,PRO,292,N,0.9769533276557922
4574,PRO,292,CA,0.9017473459243774
4575,PRO,292,C,0.8242056369781494
4576,PRO,292,O,0.35979369282722473
4577,PRO,292,CB,0.6749061346054077
4578,PRO,292,CG,0.5015485286712646
4579,PRO,292,CD,0.5762232542037964
4587,ASP,293,N,0.7021390199661255
4588,ASP,293,CA,0.8985466361045837
4589,ASP,293,C,0.8239530324935913
4590,ASP,293,O,0.3594852387905121
4591,ASP,293,CB,0.7928041219711304
4592,ASP,293,CG,1.414236068725586
4593,ASP,293,OD1,0.4396224915981293
4594,ASP,293,OD2,0.34941211342811584
4599,ALA,294,N,0.699791431427002
4600,ALA,294,CA,0.8692713379859924
4601,ALA,294,C,0.8262536525726318
4602,ALA,294,O,0.35988718271255493
4603,ALA,294,CB,0.3821345269680023
4609,ARG,295,N,0.7023029327392578
4610,ARG,295,CA,0.8976585268974304
4611,ARG,295,C,0.8268247246742249
4612,ARG,295,O,0.36048588156700134
4613,ARG,295,CB,0.6731799840927124
4614,ARG,295,CG,0.5311830043792725
4615,ARG,295,CD,0.3983502984046936
4616,ARG,295,NE,0.4458386301994324
4617,ARG,295,CZ,0.5648584365844727
4618,ARG,295,NH1,0.2583484649658203
4619,ARG,295,NH2,0.2533782720565796
4633,GLU,296,N,0.7022810578346252
4634,GLU,296,CA,0.881736695766449
4635,GLU,296,C,0.8246508836746216
4636,GLU,296,O,0.36009153723716736
4637,GLU,296,CB,0.6572608947753906
4638,GLU,296,CG,0.5275313258171082
4639,GLU,296,CD,0.648043155670166
4640,GLU,296,OE1,0.18293893337249756
4641,GLU,296,OE2,0.18129152059555054
4648,ILE,297,N,0.702629804611206
4649,ILE,297,CA,0.8776812553405762
4650,ILE,297,C,0.8249591588973999
4651,ILE,297,O,0.35993528366088867
4652,ILE,297,CB,0.9197003841400146
4653,ILE,297,CG1,0.7494148015975952
4654,ILE,297,CG2,0.37428393959999084
4655,ILE,297,CD1,0.5165240168571472
4667,ALA,298,N,0.7000064849853516
4668,ALA,298,CA,0.8692559003829956
4669,ALA,298,C,0.82444167137146
4670,ALA,298,O,0.3597160875797272
4671,ALA,298,CB,0.38218584656715393
4677,PHE,299,N,0.699044942855835
4678,PHE,299,CA,0.8788362145423889
4679,PHE,299,C,0.8239239454269409
4680,PHE,299,O,0.3601230978965759
4681,PHE,299,CB,0.6351954936981201
4682,PHE,299,CG,0.744655966758728
4683,PHE,299,CD1,0.5242201685905457
4684,PHE,299,CD2,0.2740834057331085
4685,PHE,299,CE1,0.5271772742271423
4686,PHE,299,CE2,0.2520166039466858
4687,PHE,299,CZ,0.3695395588874817
4697,LEU,300,N,0.6995177268981934
4698,LEU,300,CA,0.8803322315216064
4699,LEU,300,C,0.8247158527374268
4700,LEU,300,O,0.36020371317863464
4701,LEU,300,CB,0.6644560098648071
4702,LEU,300,CG,0.7227604389190674
4703,LEU,300,CD1,0.2489548623561859
4704,LEU,300,CD2,0.19939057528972626
4716,LEU,301,N,0.6998140811920166
4717,LEU,301,CA,0.8805160522460938
4718,LEU,301,C,0.8246774673461914
4719,LEU,301,O,0.36020350456237793
4720,LEU,301,CB,0.6646257638931274
4721,LEU,301,CG,0.7228431105613708
4722,LEU,301,CD1,0.24939072132110596
4723,LEU,301,CD2,0.19974663853645325
4735,VAL,302,N,0.7036640048027039
4736,VAL,302,CA,0.8838645219802856
4737,VAL,302,C,0.8262253999710083
4738,VAL,302,O,0.36001652479171753
4739,VAL,302,CB,0.9003868103027344
4740,VAL,302,CG1,0.3621853291988373
4741,VAL,302,CG2,0.37327998876571655
4751,TRP,303,N,0.6996731162071228
4752,TRP,303,CA,0.880424976348877
4753,TRP,303,C,0.8262559175491333
4754,TRP,303,O,0.36033469438552856
4755,TRP,303,CB,0.6317479014396667
4756,TRP,303,CG,0.7461913228034973
4757,TRP,303,CD1,0.46414703130722046
4758,TRP,303,CD2,0.34998971223831177
4759,TRP,303,NE1,0.3451418876647949
4760,TRP,303,CE2,0.4308249354362488
4761,TRP,303,CE3,0.2630501091480255
4762,TRP,303,CZ2,0.3355942666530609
4763,TRP,303,CZ3,0.2734094262123108
4764,TRP,303,CH2,0.33843135833740234
4775,ARG,304,N,0.7025691270828247
4776,ARG,304,CA,0.8975682258605957
4777,ARG,304,C,0.8271443843841553
4778,ARG,304,O,0.36066925525665283
4779,ARG,304,CB,0.6731319427490234
4780,ARG,304,CG,0.5311810374259949
4781,ARG,304,CD,0.3984237313270569
4782,ARG,304,NE,0.44602325558662415
4783,ARG,304,CZ,0.5649053454399109
4784,ARG,304,NH1,0.2583428621292114
4785,ARG,304,NH2,0.2533753216266632
4799,ASN,305,N,0.7007838487625122
4800,ASN,305,CA,0.8788481950759888
4801,ASN,305,C,0.8248589634895325
4802,ASN,305,O,0.35953575372695923
4803,ASN,305,CB,0.8071476221084595
4804,ASN,305,CG,1.079789638519287
4809,ASN,305,OD1,0.4398069679737091
4810,ASN,305,ND2,0.22217726707458496
4813,ALA,306,N,0.6995589733123779
4814,ALA,306,CA,0.8699448108673096
4815,ALA,306,C,0.8385086059570312
4816,ALA,306,O,0.36054521799087524
4817,ALA,306,CB,0.3819854259490967
4823,PRO,307,N,0.976778507232666
4824,PRO,307,CA,0.9016540050506592
4825,PRO,307,C,0.8268831968307495
4826,PRO,307,O,0.3600289821624756
4827,PRO,307,CB,0.6747283935546875
4828,PRO,307,CG,0.5014850497245789
4829,PRO,307,CD,0.5761533975601196
4837,GLN,308,N,0.7001787424087524
4838,GLN,308,CA,0.8834052681922913
4839,GLN,308,C,0.8250095844268799
4840,GLN,308,O,0.3601478040218353
4841,GLN,308,CB,0.6594094038009644
4842,GLN,308,CG,0.5179219245910645
4843,GLN,308,CD,0.5895683169364929
4850,GLN,308,OE1,0.19515235722064972
4851,GLN,308,NE2,0.24188454449176788
4854,GLY,309,N,0.7102183103561401
4855,GLY,309,CA,0.6177172064781189
4856,GLY,309,C,0.8222039341926575
4857,GLY,309,O,0.359317809343338
4861,VAL,310,N,0.7025501728057861
4862,VAL,310,CA,0.8848022222518921
4863,VAL,310,C,0.8400187492370605
4864,VAL,310,O,0.36078405380249023
4865,VAL,310,CB,0.9002867341041565
4866,VAL,310,CG1,0.3621944487094879
4867,VAL,310,CG2,0.373344749212265
4877,PRO,311,N,0.977084219455719
4878,PRO,311,CA,0.9016938209533691
4879,PRO,311,C,0.8270237445831299
4880,PRO,311,O,0.36005961894989014
4881,PRO,311,CB,0.67481529712677
4882,PRO,311,CG,0.5015859603881836
4883,PRO,311,CD,0.5762253999710083
4891,GLY,312,N,0.7099727392196655
4892,GLY,312,CA,0.6194022297859192
4893,GLY,312,C,0.8360800743103027
4894,GLY,312,O,0.3602938652038574
4898,PRO,313,N,0.9765039682388306
4899,PRO,313,CA,0.9016914367675781
4900,PRO,313,C,0.8254734873771667
4901,PRO,313,O,0.359908789396286
4902,PRO,313,CB,0.6747641563415527
4903,PRO,313,CG,0.5014501214027405
4904,PRO,313,CD,0.5763393640518188
4912,ASN,314,N,0.7003251314163208
4913,ASN,314,CA,0.8789961338043213
4914,ASN,314,C,0.8252995610237122
4915,ASN,314,O,0.3595544099807739
4916,ASN,314,CB,0.8071959018707275
4917,ASN,314,CG,1.0798625946044922
4922,ASN,314,OD1,0.43985217809677124
4923,ASN,314,ND2,0.22217139601707458
4926,GLY,315,N,0.7096400260925293
4927,GLY,315,CA,0.6177643537521362
4928,GLY,315,C,0.8222023844718933
4929,GLY,315,O,0.3592897355556488
4933,THR,316,N,0.7025086283683777
4934,THR,316,CA,0.8879562616348267
4935,THR,316,C,0.825692892074585
4936,THR,316,O,0.3596471846103668
4937,THR,316,CB,1.0078116655349731
4938,THR,316,OG1,0.44652414321899414
4939,THR,316,CG2,0.37998828291893005
4947,GLN,317,N,0.699755072593689
4948,GLN,317,CA,0.8832275867462158
4949,GLN,317,C,0.8249439597129822
4950,GLN,317,O,0.36018016934394836
4951,GLN,317,CB,0.6592934727668762
4952,GLN,317,CG,0.5178719758987427
4953,GLN,317,CD,0.5894761085510254
4960,GLN,317,OE1,0.19512785971164703
4961,GLN,317,NE2,0.24188342690467834
4964,VAL,318,N,0.7033817768096924
4965,VAL,318,CA,0.8845899701118469
4966,VAL,318,C,0.8401498794555664
4967,VAL,318,O,0.36082541942596436
4968,VAL,318,CB,0.900282621383667
4969,VAL,318,CG1,0.3621920943260193
4970,VAL,318,CG2,0.3733312785625458
4980,PRO,319,N,0.9771688580513
4981,PRO,319,CA,0.9017401933670044
4982,PRO,319,C,0.8264421224594116
4983,PRO,319,O,0.3599989116191864
4984,PRO,319,CB,0.6747347116470337
4985,PRO,319,CG,0.501441240310669
4986,PRO,319,CD,0.5763022303581238
4994,HIS,320,N,0.6988363265991211
4995,HIS,320,CA,0.8648291826248169
4996,HIS,320,C,0.8222945928573608
4997,HIS,320,O,0.35970619320869446
4998,HIS,320,CB,0.6878715753555298
4999,HIS,320,CG,0.9225858449935913
5004,HIS,320,ND1,0.7104644179344177
5005,HIS,320,CD2,0.54095458984375
5006,HIS,320,CE1,0.8006882667541504
5007,HIS,320,NE2,0.5841488838195801
5011,TYR,321,N,0.699073851108551
5012,TYR,321,CA,0.8797277212142944
5013,TYR,321,C,0.8241345286369324
5014,TYR,321,O,0.36003488302230835
5015,TYR,321,CB,0.6352041363716125
5016,TYR,321,CG,0.7446112036705017
5017,TYR,321,CD1,0.5336862802505493
5018,TYR,321,CD2,0.27897852659225464
5019,TYR,321,CE1,0.5460470914840698
5020,TYR,321,CE2,0.26470404863357544
5021,TYR,321,CZ,0.46010622382164
5022,TYR,321,OH,0.12154238671064377
5032,TRP,322,N,0.6999264359474182
5033,TRP,322,CA,0.8804295063018799
5034,TRP,322,C,0.8244907855987549
5035,TRP,322,O,0.3601878881454468
5036,TRP,322,CB,0.6317312717437744
5037,TRP,322,CG,0.7461487650871277
5038,TRP,322,CD1,0.46429190039634705
5039,TRP,322,CD2,0.3500799536705017
5040,TRP,322,NE1,0.3451961278915405
5041,TRP,322,CE2,0.43086951971054077
5042,TRP,322,CE3,0.2630021572113037
5043,TRP,322,CZ2,0.3355579972267151
5044,TRP,322,CZ3,0.27336975932121277
5045,TRP,322,CH2,0.33834517002105713
5056,VAL,323,N,0.7034088373184204
5057,VAL,323,CA,0.8846332430839539
5058,VAL,323,C,0.8401603698730469
5059,VAL,323,O,0.3608196973800659
5060,VAL,323,CB,0.9002564549446106
5061,VAL,323,CG1,0.36219772696495056
5062,VAL,323,CG2,0.3732988238334656
5072,PRO,324,N,0.9771456718444824
5073,PRO,324,CA,0.9014660120010376
5074,PRO,324,C,0.8263506889343262
5075,PRO,324,O,0.360054075717926
5076,PRO,324,CB,0.674669086933136
5077,PRO,324,CG,0.5014804005622864
5078,PRO,324,CD,0.5763264298439026
5086,ALA,325,N,0.7000086307525635
5087,ALA,325,CA,0.869123637676239
5088,ALA,325,C,0.8230240345001221
5089,ALA,325,O,0.3596560060977936
5090,ALA,325,CB,0.38220101594924927
5096,ASN,326,N,0.6999188661575317
5097,ASN,326,CA,0.8788548111915588
5098,ASN,326,C,0.8270758390426636
5099,ASN,326,O,0.35973063111305237
5100,ASN,326,CB,0.8071104288101196
5101,ASN,326,CG,1.079927921295166
5106,ASN,326,OD1,0.4398043751716614
5107,ASN,326,ND2,0.222134068608284
5110,ARG,327,N,0.7018234729766846
5111,ARG,327,CA,0.8974951505661011
5112,ARG,327,C,0.8424434661865234
5113,ARG,327,O,0.3615150451660156
5114,ARG,327,CB,0.672256588935852
5115,ARG,327,CG,0.5311391353607178
5116,ARG,327,CD,0.3983542323112488
5117,ARG,327,NE,0.44585466384887695
5118,ARG,327,CZ,0.5648735165596008
5119,ARG,327,NH1,0.25834938883781433
5120,ARG,327,NH2,0.2533706724643707
5134,PRO,328,N,0.977336585521698
5135,PRO,328,CA,0.9014820456504822
5136,PRO,328,C,0.8249697089195251
5137,PRO,328,O,0.35981374979019165
5138,PRO,328,CB,0.6745305061340332
5139,PRO,328,CG,0.5012211799621582
5140,PRO,328,CD,0.5759947896003723
5148,GLU,329,N,0.7017386555671692
5149,GLU,329,CA,0.8813599348068237
5150,GLU,329,C,0.823074221611023
5151,GLU,329,O,0.35993874073028564
5152,GLU,329,CB,0.6571813225746155
5153,GLU,329,CG,0.5275508761405945
5154,GLU,329,CD,0.6481115818023682
5155,GLU,329,OE1,0.1830117255449295
5156,GLU,329,OE2,0.18137584626674652
5163,ASN,330,N,0.7003673911094666
5164,ASN,330,CA,0.8788981437683105
5165,ASN,330,C,0.8253503441810608
5166,ASN,330,O,0.35956329107284546
5167,ASN,330,CB,0.8071509599685669
5168,ASN,330,CG,1.0798795223236084
5173,ASN,330,OD1,0.43981611728668213
5174,ASN,330,ND2,0.22215096652507782
5177,ILE,331,N,0.7021375894546509
5178,ILE,331,CA,0.8775812983512878
5179,ILE,331,C,0.823988676071167
5180,ILE,331,O,0.35984116792678833
5181,ILE,331,CB,0.9197375178337097
5182,ILE,331,CG1,0.7494145631790161
5183,ILE,331,CG2,0.3743123412132263
5184,ILE,331,CD1,0.5164971947669983
5196,ASN,332,N,0.7002239227294922
5197,ASN,332,CA,0.8787720203399658
5198,ASN,332,C,0.8238446712493896
5199,ASN,332,O,0.35943925380706787
5200,ASN,332,CB,0.807174563407898
5201,ASN,332,CG,1.0799250602722168
5206,ASN,332,OD1,0.43980884552001953
5207,ASN,332,ND2,0.22214022278785706
5210,ASN,333,N,0.6998406648635864
5211,ASN,333,CA,0.8789350986480713
5212,ASN,333,C,0.8253209590911865
5213,ASN,333,O,0.3595409095287323
5214,ASN,333,CB,0.8071309328079224
5215,ASN,333,CG,1.079874873161316
5220,ASN,333,OD1,0.43979907035827637
5221,ASN,333,ND2,0.2221643477678299
5224,GLY,334,N,0.7096563577651978
5225,GLY,334,CA,0.6177505254745483
5226,GLY,334,C,0.8220936059951782
5227,GLY,334,O,0.35929861664772034
5231,THR,335,N,0.7025065422058105
5232,THR,335,CA,0.8880664706230164
5233,THR,335,C,0.8256896734237671
5234,THR,335,O,0.35962727665901184
5235,THR,335,CB,1.0077811479568481
5236,THR,335,OG1,0.44648197293281555
5237,THR,335,CG2,0.3800109326839447
5245,LEU,336,N,0.6992819309234619
5246,LEU,336,CA,0.8804928064346313
5247,LEU,336,C,0.8227587938308716
5248,LEU,336,O,0.3599632680416107
5249,LEU,336,CB,0.664618968963623
5250,LEU,336,CG,0.722832441329956
5251,LEU,336,CD1,0.24925684928894043
5252,LEU,336,CD2,0.19960162043571472
5264,GLU,337,N,0.7019394636154175
5265,GLU,337,CA,0.8816995620727539
5266,GLU,337,C,0.8217843770980835
5267,GLU,337,O,0.3598316013813019
5268,GLU,337,CB,0.6573091745376587
5269,GLU,337,CG,0.5275012254714966
5270,GLU,337,CD,0.6480212211608887
5271,GLU,337,OE1,0.18292756378650665
5272,GLU,337,OE2,0.1812795251607895
5279,ASP,338,N,0.7021634578704834
5280,ASP,338,CA,0.8984547853469849
5281,ASP,338,C,0.8242999315261841
5282,ASP,338,O,0.35952574014663696
5283,ASP,338,CB,0.7932785153388977
5284,ASP,338,CG,1.4138436317443848
5285,ASP,338,OD1,0.4398176372051239
5286,ASP,338,OD2,0.34924471378326416
5291,PHE,339,N,0.6989498138427734
5292,PHE,339,CA,0.8788895010948181
5293,PHE,339,C,0.8241620063781738
5294,PHE,339,O,0.3600614368915558
5295,PHE,339,CB,0.6350733637809753
5296,PHE,339,CG,0.7446488738059998
5297,PHE,339,CD1,0.5242183804512024
5298,PHE,339,CD2,0.27410000562667847
5299,PHE,339,CE1,0.5271145105361938
5300,PHE,339,CE2,0.25201642513275146
5301,PHE,339,CZ,0.369586706161499
5311,GLN,340,N,0.7002750039100647
5312,GLN,340,CA,0.8831388354301453
5313,GLN,340,C,0.8245494365692139
5314,GLN,340,O,0.360115647315979
5315,GLN,340,CB,0.659206748008728
5316,GLN,340,CG,0.5178873538970947
5317,GLN,340,CD,0.5895919799804688
5324,GLN,340,OE1,0.19517263770103455
5325,GLN,340,NE2,0.2418806254863739
5328,ALA,341,N,0.7002593278884888
5329,ALA,341,CA,0.8691926598548889
5330,ALA,341,C,0.824520468711853
5331,ALA,341,O,0.3596942126750946
5332,ALA,341,CB,0.3821827471256256
5338,PHE,342,N,0.6991367340087891
5339,PHE,342,CA,0.878916323184967
5340,PHE,342,C,0.8239602446556091
5341,PHE,342,O,0.36002057790756226
5342,PHE,342,CB,0.6350750923156738
5343,PHE,342,CG,0.7446578741073608
5344,PHE,342,CD1,0.5242806673049927
5345,PHE,342,CD2,0.2741200923919678
5346,PHE,342,CE1,0.5271894335746765
5347,PHE,342,CE2,0.2520383596420288
5348,PHE,342,CZ,0.36955639719963074
5358,TYR,343,N,0.6994680166244507
5359,TYR,343,CA,0.8797552585601807
5360,TYR,343,C,0.8236027956008911
5361,TYR,343,O,0.3600441515445709
5362,TYR,343,CB,0.635066568851471
5363,TYR,343,CG,0.7445350289344788
5364,TYR,343,CD1,0.5336188673973083
5365,TYR,343,CD2,0.2788959741592407
5366,TYR,343,CE1,0.5458248853683472
5367,TYR,343,CE2,0.2646031975746155
5368,TYR,343,CZ,0.46010977029800415
5369,TYR,343,OH,0.12147251516580582
5379,ALA,344,N,0.7001354694366455
5380,ALA,344,CA,0.8692808151245117
5381,ALA,344,C,0.8218865394592285
5382,ALA,344,O,0.3595062494277954
5383,ALA,344,CB,0.38220471143722534
5389,ASP,345,N,0.7018779516220093
5390,ASP,345,CA,0.8984863758087158
5391,ASP,345,C,0.8222527503967285
5392,ASP,345,O,0.3592933118343353
5393,ASP,345,CB,0.7930478453636169
5394,ASP,345,CG,1.4138457775115967
5395,ASP,345,OD1,0.4396805465221405
5396,ASP,345,OD2,0.34954726696014404
5401,GLU,346,N,0.7012121677398682
5402,GLU,346,CA,0.8816219568252563
5403,GLU,346,C,0.8245458006858826
5404,GLU,346,O,0.36002740263938904
5405,GLU,346,CB,0.6572314500808716
5406,GLU,346,CG,0.5275376439094543
5407,GLU,346,CD,0.6479997634887695
5408,GLU,346,OE1,0.18295399844646454
5409,GLU,346,OE2,0.18130218982696533
5416,PHE,347,N,0.6993945837020874
5417,PHE,347,CA,0.8789883852005005
5418,PHE,347,C,0.8239554166793823
5419,PHE,347,O,0.3601146340370178
5420,PHE,347,CB,0.6351978778839111
5421,PHE,347,CG,0.7447593212127686
5422,PHE,347,CD1,0.5243346691131592
5423,PHE,347,CD2,0.27423110604286194
5424,PHE,347,CE1,0.5272101163864136
5425,PHE,347,CE2,0.25200146436691284
5426,PHE,347,CZ,0.36959153413772583
5436,THR,348,N,0.7032110095024109
5437,THR,348,CA,0.8878066539764404
5438,THR,348,C,0.8252012729644775
5439,THR,348,O,0.3596661686897278
5440,THR,348,CB,1.0077093839645386
5441,THR,348,OG1,0.44643348455429077
5442,THR,348,CG2,0.37992820143699646
5450,ALA,349,N,0.699681282043457
5451,ALA,349,CA,0.8691372275352478
5452,ALA,349,C,0.8243829011917114
5453,ALA,349,O,0.3597381114959717
5454,ALA,349,CB,0.3822045624256134
5460,PHE,350,N,0.6989571452140808
5461,PHE,350,CA,0.8787842988967896
5462,PHE,350,C,0.8230770826339722
5463,PHE,350,O,0.3601516783237457
5464,PHE,350,CB,0.6352276802062988
5465,PHE,350,CG,0.7446452379226685
5466,PHE,350,CD1,0.5241715908050537
5467,PHE,350,CD2,0.27404701709747314
5468,PHE,350,CE1,0.5271462202072144
5469,PHE,350,CE2,0.2520241141319275
5470,PHE,350,CZ,0.3695387840270996
5480,ASN,351,N,0.698755145072937
5481,ASN,351,CA,0.859472930431366
5482,ASN,351,C,0.5958181619644165
5483,ASN,351,O,0.3438849449157715
5484,ASN,351,CB,0.8063288331031799
5485,ASN,351,CG,1.078619122505188
5486,ASN,351,OD1,0.4396781027317047
5487,ASN,351,ND2,0.2223050892353058
5488,ASN,351,OXT,0.2839340567588806
